Ground Truth,RandomForest,SVM,XGBoost,KNN,DecisionTree
1.0,1.0,1.0,1,0.0,1.0
1.0,1.0,1.0,1,0.0,1.0
1.0,1.0,0.0,1,0.0,0.0
0.0,0.0,0.0,0,1.0,0.0
1.0,1.0,1.0,1,0.0,1.0
0.0,0.0,0.0,0,0.0,0.0
0.0,0.0,0.0,0,0.0,0.0
0.0,0.0,0.0,0,0.0,0.0
1.0,0.0,0.0,0,0.0,0.0
1.0,1.0,1.0,1,1.0,1.0
0.0,0.0,1.0,1,0.0,0.0
1.0,0.0,1.0,0,1.0,1.0
1.0,1.0,1.0,1,0.0,1.0
1.0,1.0,1.0,1,0.0,1.0
1.0,0.0,0.0,0,0.0,0.0
1.0,1.0,1.0,1,0.0,1.0
1.0,1.0,1.0,1,1.0,1.0
0.0,0.0,0.0,0,0.0,0.0
0.0,0.0,0.0,1,0.0,1.0
1.0,0.0,0.0,1,0.0,0.0
1.0,1.0,0.0,1,0.0,1.0
1.0,1.0,1.0,1,0.0,0.0
1.0,1.0,0.0,1,0.0,1.0
1.0,0.0,0.0,1,1.0,0.0
1.0,0.0,0.0,0,0.0,0.0
0.0,1.0,1.0,1,1.0,1.0
0.0,0.0,0.0,0,0.0,0.0
0.0,1.0,0.0,1,0.0,1.0
1.0,1.0,1.0,1,1.0,1.0
0.0,1.0,1.0,1,1.0,0.0
0.0,0.0,0.0,0,0.0,0.0
0.0,0.0,0.0,0,0.0,0.0
0.0,0.0,0.0,0,0.0,0.0
0.0,0.0,0.0,0,0.0,0.0
1.0,1.0,1.0,1,0.0,1.0
0.0,0.0,0.0,0,0.0,1.0
0.0,0.0,0.0,0,0.0,0.0
1.0,1.0,1.0,1,1.0,0.0
1.0,1.0,1.0,1,1.0,0.0
0.0,1.0,1.0,1,0.0,1.0
1.0,1.0,1.0,1,1.0,1.0
0.0,0.0,0.0,0,0.0,0.0
1.0,1.0,1.0,1,0.0,1.0
0.0,0.0,1.0,0,1.0,0.0
1.0,0.0,0.0,0,0.0,1.0
1.0,0.0,0.0,0,0.0,1.0
0.0,0.0,0.0,0,0.0,1.0
1.0,1.0,1.0,0,1.0,1.0
0.0,0.0,0.0,1,0.0,1.0
1.0,0.0,0.0,0,1.0,1.0
1.0,0.0,0.0,0,0.0,0.0
1.0,0.0,0.0,0,0.0,0.0
0.0,0.0,0.0,0,0.0,0.0
0.0,0.0,0.0,0,0.0,0.0
0.0,1.0,1.0,1,0.0,1.0
0.0,0.0,0.0,0,0.0,0.0
0.0,0.0,1.0,0,0.0,1.0
0.0,0.0,0.0,0,0.0,0.0
0.0,0.0,0.0,0,0.0,0.0
1.0,1.0,1.0,1,0.0,1.0
0.0,1.0,1.0,1,0.0,0.0
1.0,1.0,1.0,1,0.0,1.0
0.0,0.0,0.0,0,0.0,0.0
0.0,0.0,0.0,0,0.0,0.0
1.0,1.0,0.0,1,0.0,1.0
0.0,0.0,0.0,0,1.0,0.0
0.0,0.0,0.0,0,1.0,0.0
1.0,1.0,1.0,1,1.0,1.0
0.0,0.0,0.0,0,1.0,0.0
0.0,0.0,0.0,1,0.0,0.0
1.0,1.0,1.0,1,0.0,1.0
0.0,0.0,0.0,0,0.0,0.0
1.0,1.0,1.0,0,1.0,1.0
0.0,0.0,0.0,0,1.0,0.0
0.0,0.0,1.0,0,0.0,0.0
1.0,1.0,1.0,1,0.0,1.0
1.0,1.0,1.0,1,0.0,0.0
1.0,0.0,0.0,0,0.0,1.0
1.0,1.0,1.0,1,1.0,0.0
0.0,1.0,1.0,1,1.0,1.0
1.0,0.0,1.0,1,0.0,1.0
0.0,0.0,0.0,0,0.0,0.0
0.0,0.0,0.0,0,0.0,1.0
1.0,1.0,1.0,1,0.0,1.0
1.0,1.0,0.0,1,0.0,1.0
1.0,1.0,1.0,1,0.0,1.0
1.0,1.0,1.0,1,1.0,1.0
1.0,1.0,1.0,1,0.0,1.0
0.0,0.0,0.0,0,1.0,0.0
1.0,1.0,1.0,1,0.0,1.0
1.0,0.0,0.0,0,0.0,1.0
0.0,0.0,0.0,0,0.0,1.0
0.0,0.0,0.0,0,0.0,0.0
1.0,1.0,0.0,1,0.0,1.0
1.0,0.0,0.0,0,0.0,0.0
1.0,0.0,0.0,0,0.0,0.0
1.0,0.0,0.0,0,0.0,1.0
0.0,0.0,0.0,0,1.0,0.0
0.0,1.0,1.0,0,0.0,0.0
0.0,0.0,0.0,0,0.0,0.0
0.0,0.0,0.0,0,0.0,0.0
1.0,0.0,1.0,0,0.0,1.0
0.0,1.0,1.0,1,0.0,1.0
1.0,1.0,0.0,1,0.0,0.0
1.0,1.0,0.0,1,0.0,1.0
0.0,0.0,0.0,0,0.0,0.0
0.0,1.0,1.0,1,0.0,1.0
0.0,1.0,1.0,1,1.0,0.0
0.0,1.0,0.0,1,0.0,1.0
1.0,1.0,1.0,1,0.0,1.0
1.0,0.0,0.0,0,0.0,0.0
0.0,1.0,0.0,1,0.0,1.0
1.0,0.0,0.0,0,0.0,0.0
0.0,1.0,0.0,1,1.0,0.0
1.0,1.0,1.0,1,1.0,1.0
0.0,1.0,1.0,0,1.0,0.0
0.0,1.0,0.0,1,0.0,0.0
0.0,0.0,0.0,0,0.0,0.0
1.0,0.0,1.0,0,0.0,0.0
1.0,1.0,1.0,1,0.0,0.0
0.0,0.0,1.0,0,1.0,0.0
0.0,0.0,0.0,0,0.0,0.0
0.0,1.0,1.0,1,1.0,1.0
1.0,1.0,1.0,1,0.0,1.0
0.0,0.0,0.0,0,0.0,0.0
1.0,1.0,1.0,1,1.0,1.0
1.0,1.0,0.0,1,1.0,0.0
1.0,1.0,1.0,1,0.0,1.0
1.0,1.0,1.0,1,0.0,1.0
1.0,0.0,0.0,0,0.0,0.0
0.0,0.0,0.0,0,0.0,0.0
1.0,1.0,1.0,1,0.0,1.0
0.0,0.0,1.0,0,0.0,0.0
1.0,1.0,0.0,0,1.0,0.0
1.0,0.0,0.0,0,0.0,0.0
0.0,0.0,0.0,1,1.0,1.0
1.0,1.0,1.0,1,0.0,0.0
1.0,1.0,1.0,1,1.0,1.0
0.0,0.0,0.0,0,0.0,0.0
0.0,0.0,0.0,0,0.0,0.0
1.0,1.0,0.0,1,0.0,1.0
0.0,0.0,0.0,0,0.0,0.0
1.0,1.0,1.0,1,1.0,1.0
0.0,0.0,0.0,0,0.0,0.0
1.0,1.0,1.0,1,0.0,1.0
0.0,1.0,0.0,1,0.0,0.0
1.0,1.0,1.0,1,0.0,1.0
1.0,1.0,1.0,1,0.0,1.0
1.0,1.0,1.0,0,1.0,0.0
0.0,0.0,0.0,0,0.0,0.0
0.0,1.0,0.0,0,0.0,0.0
1.0,1.0,1.0,0,0.0,0.0
1.0,1.0,1.0,1,0.0,0.0
0.0,0.0,0.0,0,0.0,0.0
0.0,0.0,0.0,0,0.0,1.0
1.0,0.0,0.0,1,0.0,0.0
1.0,1.0,1.0,1,0.0,1.0
1.0,1.0,0.0,1,0.0,1.0
1.0,1.0,1.0,1,1.0,0.0
1.0,1.0,1.0,1,1.0,1.0
1.0,1.0,1.0,1,1.0,1.0
0.0,1.0,1.0,1,0.0,1.0
0.0,0.0,1.0,0,0.0,0.0
0.0,0.0,0.0,0,0.0,0.0
0.0,1.0,1.0,1,1.0,0.0
0.0,0.0,0.0,0,0.0,0.0
0.0,0.0,0.0,0,0.0,0.0
1.0,1.0,1.0,1,1.0,1.0
1.0,1.0,1.0,1,1.0,1.0
0.0,1.0,0.0,1,1.0,0.0
1.0,1.0,1.0,1,1.0,0.0
1.0,1.0,1.0,0,1.0,1.0
1.0,1.0,1.0,1,0.0,1.0
0.0,0.0,0.0,0,1.0,0.0
1.0,1.0,1.0,1,1.0,1.0
1.0,1.0,0.0,1,1.0,0.0
0.0,0.0,0.0,0,0.0,0.0
0.0,1.0,1.0,1,0.0,1.0
0.0,0.0,0.0,0,0.0,1.0
0.0,0.0,1.0,0,0.0,0.0
1.0,1.0,1.0,1,0.0,1.0
1.0,0.0,0.0,0,0.0,1.0
0.0,0.0,0.0,0,0.0,0.0
1.0,1.0,1.0,1,0.0,1.0
1.0,0.0,0.0,0,0.0,0.0
0.0,0.0,1.0,0,0.0,0.0
0.0,1.0,1.0,1,1.0,1.0
0.0,0.0,0.0,0,0.0,0.0
1.0,1.0,0.0,1,0.0,0.0
0.0,1.0,0.0,1,1.0,1.0
1.0,0.0,0.0,1,0.0,0.0
0.0,0.0,1.0,0,0.0,0.0
1.0,1.0,1.0,1,1.0,1.0
0.0,0.0,0.0,0,0.0,0.0
0.0,1.0,1.0,1,0.0,0.0
1.0,0.0,0.0,0,1.0,0.0
0.0,0.0,0.0,0,0.0,1.0
0.0,0.0,0.0,0,0.0,0.0
1.0,1.0,1.0,1,1.0,1.0
0.0,1.0,1.0,1,0.0,0.0
0.0,0.0,0.0,0,0.0,1.0
1.0,1.0,1.0,1,1.0,1.0
0.0,1.0,0.0,0,1.0,1.0
1.0,1.0,1.0,1,0.0,1.0
1.0,0.0,0.0,0,0.0,0.0
0.0,0.0,0.0,0,1.0,1.0
1.0,1.0,1.0,1,0.0,1.0
0.0,0.0,0.0,0,1.0,0.0
0.0,0.0,0.0,0,1.0,0.0
0.0,0.0,0.0,0,0.0,0.0
0.0,0.0,0.0,1,0.0,1.0
1.0,1.0,1.0,1,0.0,1.0
0.0,0.0,0.0,0,0.0,1.0
1.0,0.0,0.0,0,1.0,0.0
1.0,1.0,1.0,1,0.0,1.0
0.0,0.0,0.0,0,0.0,0.0
0.0,1.0,0.0,0,1.0,1.0
1.0,0.0,0.0,0,0.0,1.0
0.0,0.0,0.0,0,0.0,0.0
1.0,1.0,1.0,1,1.0,1.0
0.0,0.0,0.0,0,0.0,0.0
1.0,1.0,0.0,0,1.0,0.0
1.0,0.0,0.0,0,0.0,0.0
0.0,0.0,1.0,0,0.0,0.0
1.0,1.0,1.0,1,0.0,1.0
0.0,0.0,0.0,0,0.0,1.0
0.0,0.0,0.0,0,0.0,0.0
0.0,1.0,0.0,1,0.0,1.0
1.0,1.0,1.0,1,0.0,1.0
0.0,1.0,1.0,1,1.0,1.0
0.0,1.0,1.0,1,0.0,1.0
0.0,0.0,0.0,0,1.0,1.0
1.0,0.0,0.0,0,0.0,0.0
0.0,0.0,0.0,0,1.0,0.0
0.0,0.0,1.0,0,0.0,0.0
1.0,1.0,0.0,1,0.0,1.0
1.0,1.0,0.0,1,0.0,1.0
1.0,1.0,1.0,1,0.0,0.0
0.0,0.0,0.0,0,1.0,0.0
0.0,0.0,0.0,0,0.0,0.0
1.0,1.0,1.0,1,1.0,0.0
1.0,1.0,1.0,1,1.0,1.0
0.0,0.0,0.0,0,1.0,0.0
1.0,1.0,1.0,1,1.0,0.0
0.0,0.0,0.0,0,0.0,1.0
1.0,1.0,1.0,1,1.0,1.0
0.0,0.0,0.0,0,0.0,1.0
1.0,1.0,1.0,0,0.0,0.0
0.0,1.0,1.0,1,0.0,1.0
1.0,0.0,0.0,1,1.0,1.0
1.0,0.0,0.0,0,0.0,0.0
1.0,1.0,1.0,1,1.0,1.0
0.0,0.0,0.0,0,0.0,0.0
0.0,1.0,1.0,1,1.0,1.0
1.0,1.0,1.0,1,1.0,1.0
1.0,1.0,1.0,1,0.0,0.0
0.0,1.0,1.0,1,0.0,0.0
1.0,0.0,0.0,0,0.0,0.0
1.0,1.0,0.0,1,0.0,1.0
1.0,1.0,1.0,1,0.0,1.0
0.0,0.0,0.0,0,0.0,0.0
0.0,0.0,0.0,0,0.0,1.0
1.0,0.0,0.0,0,0.0,0.0
1.0,0.0,0.0,1,0.0,0.0
0.0,0.0,0.0,0,0.0,1.0
0.0,0.0,0.0,0,0.0,0.0
0.0,0.0,0.0,0,0.0,0.0
0.0,0.0,0.0,0,0.0,0.0
0.0,0.0,0.0,0,0.0,0.0
1.0,0.0,0.0,0,0.0,0.0
1.0,0.0,1.0,0,1.0,0.0
1.0,1.0,1.0,1,0.0,1.0
1.0,1.0,1.0,1,0.0,1.0
1.0,0.0,1.0,1,0.0,1.0
0.0,0.0,0.0,0,0.0,0.0
1.0,0.0,1.0,0,0.0,1.0
1.0,0.0,0.0,0,0.0,1.0
0.0,0.0,0.0,0,1.0,0.0
1.0,1.0,1.0,1,0.0,1.0
1.0,1.0,0.0,1,0.0,1.0
0.0,1.0,1.0,1,0.0,1.0
1.0,0.0,0.0,0,0.0,0.0
1.0,1.0,1.0,1,0.0,1.0
1.0,1.0,1.0,0,1.0,1.0
1.0,0.0,1.0,0,0.0,0.0
0.0,1.0,1.0,1,0.0,0.0
0.0,0.0,0.0,0,0.0,0.0
0.0,0.0,0.0,0,0.0,0.0
1.0,0.0,0.0,0,0.0,1.0
1.0,0.0,0.0,0,0.0,0.0
1.0,0.0,0.0,0,0.0,1.0
1.0,1.0,1.0,1,0.0,1.0
1.0,1.0,1.0,1,0.0,1.0
0.0,0.0,1.0,0,1.0,0.0
1.0,1.0,1.0,1,1.0,0.0
1.0,1.0,1.0,1,0.0,0.0
1.0,1.0,0.0,1,0.0,1.0
0.0,0.0,0.0,0,1.0,0.0
1.0,1.0,1.0,1,1.0,1.0
1.0,0.0,0.0,0,1.0,1.0
0.0,0.0,0.0,0,0.0,0.0
0.0,1.0,1.0,1,1.0,0.0
0.0,0.0,1.0,0,0.0,0.0
0.0,0.0,0.0,0,1.0,0.0
1.0,1.0,1.0,1,0.0,1.0
0.0,0.0,0.0,0,0.0,0.0
0.0,0.0,0.0,1,0.0,0.0
1.0,1.0,1.0,0,1.0,0.0
1.0,1.0,1.0,1,0.0,0.0
0.0,0.0,0.0,0,1.0,1.0
0.0,1.0,1.0,0,1.0,1.0
0.0,0.0,1.0,0,0.0,0.0
0.0,0.0,0.0,0,0.0,0.0
1.0,1.0,1.0,1,1.0,1.0
0.0,1.0,1.0,0,0.0,0.0
0.0,0.0,0.0,0,0.0,1.0
0.0,0.0,0.0,0,1.0,1.0
0.0,0.0,0.0,0,1.0,0.0
0.0,0.0,0.0,0,0.0,0.0
1.0,1.0,1.0,1,1.0,1.0
0.0,0.0,0.0,0,0.0,1.0
1.0,1.0,1.0,1,0.0,0.0
1.0,1.0,0.0,1,1.0,1.0
0.0,1.0,1.0,1,0.0,1.0
0.0,0.0,0.0,0,0.0,0.0
0.0,0.0,0.0,0,1.0,1.0
1.0,1.0,0.0,0,0.0,0.0
1.0,1.0,1.0,1,1.0,1.0
1.0,1.0,0.0,1,0.0,1.0
1.0,1.0,1.0,1,0.0,1.0
1.0,1.0,1.0,1,0.0,0.0
1.0,1.0,0.0,1,0.0,0.0
0.0,0.0,1.0,0,0.0,1.0
1.0,0.0,0.0,0,0.0,0.0
1.0,1.0,1.0,1,1.0,1.0
0.0,0.0,0.0,0,0.0,0.0
1.0,0.0,0.0,0,0.0,0.0
0.0,0.0,1.0,0,1.0,1.0
1.0,1.0,1.0,1,1.0,1.0
0.0,0.0,0.0,0,1.0,0.0
1.0,0.0,0.0,0,0.0,0.0
1.0,0.0,0.0,1,0.0,0.0
1.0,1.0,1.0,1,1.0,1.0
0.0,0.0,0.0,0,0.0,0.0
1.0,0.0,0.0,0,0.0,0.0
0.0,0.0,0.0,0,1.0,0.0
1.0,0.0,0.0,0,0.0,0.0
1.0,1.0,1.0,1,0.0,0.0
1.0,0.0,0.0,0,0.0,1.0
1.0,0.0,0.0,1,0.0,1.0
1.0,1.0,1.0,1,1.0,1.0
1.0,0.0,1.0,0,0.0,1.0
0.0,1.0,1.0,1,1.0,1.0
0.0,0.0,0.0,0,0.0,0.0
0.0,0.0,0.0,0,1.0,1.0
1.0,1.0,1.0,1,0.0,1.0
1.0,0.0,0.0,0,0.0,0.0
0.0,0.0,0.0,0,0.0,0.0
1.0,1.0,1.0,1,0.0,1.0
0.0,0.0,0.0,0,1.0,0.0
1.0,1.0,1.0,1,0.0,0.0
1.0,1.0,1.0,1,0.0,0.0
1.0,1.0,1.0,1,0.0,0.0
0.0,0.0,1.0,0,0.0,1.0
0.0,0.0,0.0,1,1.0,0.0
1.0,1.0,1.0,1,1.0,1.0
1.0,1.0,1.0,1,1.0,1.0
0.0,0.0,0.0,0,1.0,0.0
1.0,1.0,1.0,1,0.0,0.0
1.0,1.0,1.0,1,1.0,1.0
0.0,0.0,0.0,0,0.0,0.0
1.0,1.0,1.0,1,0.0,1.0
1.0,0.0,0.0,0,0.0,0.0
1.0,1.0,1.0,1,1.0,1.0
0.0,1.0,1.0,1,1.0,0.0
0.0,0.0,0.0,0,0.0,0.0
0.0,0.0,0.0,0,1.0,0.0
0.0,1.0,1.0,0,0.0,0.0
0.0,0.0,0.0,0,0.0,0.0
1.0,1.0,1.0,1,0.0,1.0
0.0,0.0,0.0,0,0.0,0.0
1.0,1.0,0.0,1,0.0,1.0
0.0,1.0,0.0,1,0.0,0.0
1.0,1.0,0.0,1,0.0,1.0
0.0,1.0,1.0,0,0.0,0.0
0.0,0.0,0.0,0,0.0,1.0
1.0,1.0,1.0,1,0.0,1.0
0.0,0.0,1.0,0,1.0,0.0
0.0,0.0,0.0,0,1.0,0.0
0.0,0.0,0.0,0,0.0,0.0
0.0,0.0,1.0,0,0.0,0.0
1.0,1.0,1.0,1,1.0,1.0
1.0,0.0,0.0,0,0.0,0.0
1.0,0.0,0.0,0,0.0,0.0
0.0,0.0,0.0,0,0.0,0.0
1.0,1.0,1.0,1,1.0,0.0
1.0,1.0,0.0,1,1.0,0.0
0.0,0.0,0.0,0,0.0,0.0
1.0,1.0,1.0,1,0.0,1.0
0.0,1.0,1.0,1,1.0,0.0
1.0,0.0,0.0,0,0.0,0.0
0.0,0.0,0.0,0,0.0,0.0
0.0,0.0,0.0,0,0.0,1.0
0.0,1.0,1.0,1,0.0,0.0
0.0,0.0,0.0,0,0.0,0.0
0.0,0.0,0.0,0,0.0,0.0
0.0,0.0,0.0,0,1.0,0.0
1.0,1.0,1.0,1,1.0,1.0
0.0,0.0,1.0,0,0.0,0.0
1.0,1.0,1.0,1,0.0,0.0
0.0,1.0,1.0,1,1.0,1.0
1.0,1.0,1.0,1,0.0,1.0
1.0,1.0,1.0,1,1.0,1.0
0.0,1.0,0.0,1,0.0,1.0
0.0,0.0,0.0,0,0.0,0.0
0.0,0.0,0.0,0,0.0,0.0
0.0,0.0,0.0,0,1.0,1.0
1.0,1.0,0.0,1,1.0,1.0
1.0,1.0,0.0,1,0.0,0.0
0.0,1.0,1.0,1,0.0,1.0
0.0,1.0,1.0,1,0.0,0.0
0.0,0.0,1.0,0,0.0,0.0
1.0,1.0,0.0,1,0.0,1.0
1.0,1.0,1.0,1,1.0,1.0
0.0,0.0,0.0,0,0.0,0.0
0.0,1.0,0.0,0,0.0,1.0
1.0,1.0,1.0,1,1.0,1.0
0.0,0.0,0.0,0,0.0,1.0
1.0,1.0,1.0,1,1.0,1.0
1.0,1.0,1.0,1,0.0,1.0
0.0,0.0,0.0,0,0.0,0.0
1.0,1.0,1.0,1,1.0,1.0
1.0,0.0,1.0,0,1.0,0.0
1.0,1.0,1.0,0,0.0,0.0
1.0,1.0,1.0,0,1.0,1.0
1.0,0.0,0.0,1,0.0,1.0
1.0,1.0,0.0,1,0.0,0.0
0.0,0.0,0.0,0,0.0,0.0
1.0,1.0,1.0,1,0.0,0.0
1.0,1.0,1.0,1,1.0,1.0
0.0,1.0,0.0,1,0.0,0.0
0.0,0.0,0.0,0,0.0,0.0
1.0,1.0,1.0,1,1.0,1.0
1.0,1.0,1.0,1,0.0,1.0
1.0,1.0,1.0,1,1.0,1.0
0.0,0.0,0.0,0,0.0,0.0
1.0,0.0,0.0,0,1.0,0.0
0.0,0.0,0.0,0,0.0,0.0
0.0,0.0,0.0,0,0.0,0.0
0.0,0.0,0.0,0,0.0,0.0
1.0,1.0,1.0,1,0.0,1.0
0.0,0.0,0.0,0,0.0,0.0
0.0,0.0,0.0,0,1.0,0.0
1.0,1.0,1.0,1,0.0,1.0
1.0,1.0,1.0,1,0.0,0.0
1.0,1.0,1.0,1,1.0,1.0
0.0,0.0,0.0,0,0.0,0.0
0.0,0.0,0.0,0,0.0,0.0
1.0,1.0,1.0,1,0.0,1.0
1.0,0.0,0.0,0,0.0,0.0
0.0,0.0,0.0,0,1.0,0.0
0.0,0.0,0.0,0,0.0,0.0
0.0,1.0,1.0,1,1.0,0.0
1.0,1.0,1.0,1,1.0,0.0
0.0,1.0,1.0,1,0.0,1.0
1.0,1.0,1.0,1,0.0,1.0
1.0,0.0,1.0,1,0.0,1.0
0.0,0.0,0.0,0,1.0,0.0
1.0,1.0,1.0,1,1.0,0.0
0.0,0.0,1.0,0,1.0,0.0
0.0,0.0,0.0,1,0.0,0.0
0.0,0.0,1.0,0,0.0,0.0
0.0,0.0,0.0,0,0.0,0.0
0.0,1.0,0.0,1,0.0,1.0
0.0,0.0,0.0,0,1.0,0.0
0.0,1.0,1.0,1,1.0,0.0
1.0,1.0,1.0,1,0.0,1.0
0.0,0.0,0.0,0,0.0,1.0
0.0,0.0,0.0,0,0.0,1.0
0.0,1.0,1.0,1,0.0,1.0
1.0,0.0,0.0,0,0.0,0.0
0.0,0.0,0.0,0,0.0,1.0
1.0,0.0,0.0,0,0.0,0.0
1.0,1.0,0.0,1,0.0,1.0
0.0,0.0,0.0,0,0.0,0.0
0.0,0.0,0.0,0,0.0,0.0
1.0,0.0,0.0,0,0.0,1.0
0.0,0.0,0.0,0,0.0,0.0
1.0,1.0,1.0,1,0.0,1.0
1.0,1.0,1.0,1,0.0,0.0
1.0,1.0,1.0,1,1.0,0.0
0.0,0.0,1.0,0,0.0,0.0
1.0,0.0,0.0,0,0.0,0.0
0.0,0.0,1.0,0,1.0,0.0
1.0,0.0,0.0,0,1.0,0.0
1.0,1.0,1.0,1,0.0,1.0
1.0,1.0,1.0,0,1.0,0.0
1.0,1.0,0.0,1,0.0,1.0
0.0,1.0,1.0,1,0.0,1.0
0.0,0.0,0.0,0,0.0,0.0
0.0,0.0,0.0,1,0.0,0.0
0.0,0.0,0.0,0,0.0,0.0
0.0,0.0,0.0,0,0.0,0.0
1.0,0.0,0.0,0,0.0,0.0
0.0,0.0,0.0,0,0.0,0.0
1.0,1.0,1.0,1,1.0,1.0
0.0,0.0,0.0,0,0.0,0.0
0.0,0.0,1.0,0,0.0,0.0
1.0,1.0,1.0,1,1.0,1.0
1.0,1.0,1.0,1,1.0,1.0
0.0,0.0,0.0,0,0.0,0.0
1.0,0.0,1.0,0,1.0,0.0
0.0,0.0,0.0,0,0.0,0.0
0.0,1.0,1.0,1,1.0,1.0
0.0,0.0,0.0,0,0.0,1.0
1.0,0.0,0.0,0,1.0,0.0
1.0,0.0,1.0,1,1.0,1.0
0.0,0.0,0.0,0,0.0,0.0
0.0,1.0,1.0,1,0.0,0.0
0.0,0.0,0.0,0,0.0,0.0
0.0,0.0,0.0,0,1.0,0.0
1.0,1.0,1.0,1,1.0,1.0
0.0,0.0,0.0,0,1.0,0.0
1.0,1.0,1.0,1,1.0,1.0
1.0,1.0,0.0,1,1.0,1.0
0.0,0.0,0.0,0,0.0,0.0
0.0,0.0,0.0,0,1.0,0.0
1.0,1.0,1.0,1,0.0,1.0
1.0,1.0,1.0,1,0.0,0.0
0.0,0.0,0.0,0,0.0,0.0
1.0,1.0,1.0,1,0.0,1.0
0.0,1.0,1.0,1,0.0,1.0
0.0,0.0,0.0,0,0.0,0.0
0.0,0.0,0.0,0,1.0,0.0
0.0,0.0,0.0,0,0.0,0.0
1.0,1.0,0.0,1,0.0,1.0
0.0,1.0,1.0,0,1.0,1.0
0.0,0.0,0.0,0,1.0,0.0
0.0,1.0,1.0,1,1.0,1.0
1.0,0.0,0.0,0,0.0,0.0
0.0,1.0,0.0,1,0.0,0.0
1.0,0.0,0.0,0,0.0,1.0
1.0,1.0,1.0,1,0.0,0.0
1.0,1.0,1.0,1,0.0,1.0
1.0,1.0,1.0,1,0.0,0.0
1.0,1.0,1.0,1,0.0,1.0
1.0,1.0,1.0,1,1.0,1.0
0.0,1.0,1.0,1,0.0,1.0
0.0,0.0,0.0,0,0.0,0.0
0.0,0.0,0.0,0,0.0,0.0
1.0,1.0,1.0,1,1.0,1.0
0.0,0.0,0.0,0,0.0,0.0
1.0,1.0,1.0,1,0.0,1.0
1.0,1.0,0.0,1,0.0,1.0
1.0,1.0,1.0,1,1.0,1.0
0.0,1.0,1.0,1,0.0,1.0
0.0,1.0,0.0,1,0.0,1.0
0.0,1.0,0.0,1,0.0,1.0
1.0,1.0,1.0,1,0.0,1.0
1.0,0.0,0.0,0,1.0,1.0
0.0,1.0,1.0,1,1.0,1.0
0.0,1.0,0.0,1,0.0,1.0
0.0,0.0,0.0,0,1.0,0.0
0.0,0.0,0.0,0,0.0,0.0
0.0,0.0,0.0,0,0.0,0.0
0.0,1.0,1.0,1,1.0,1.0
1.0,0.0,1.0,0,1.0,1.0
0.0,0.0,0.0,0,0.0,1.0
0.0,0.0,0.0,0,0.0,0.0
0.0,0.0,0.0,0,0.0,0.0
0.0,0.0,0.0,0,1.0,0.0
0.0,0.0,0.0,0,0.0,0.0
0.0,0.0,1.0,0,1.0,0.0
1.0,1.0,1.0,1,0.0,1.0
0.0,0.0,0.0,0,0.0,0.0
0.0,1.0,1.0,1,0.0,1.0
0.0,0.0,0.0,0,1.0,0.0
1.0,1.0,1.0,1,1.0,1.0
1.0,1.0,1.0,1,1.0,1.0
1.0,1.0,0.0,0,1.0,1.0
0.0,0.0,0.0,0,0.0,1.0
0.0,0.0,0.0,0,1.0,0.0
0.0,0.0,0.0,0,1.0,0.0
0.0,1.0,0.0,1,1.0,0.0
0.0,1.0,0.0,0,0.0,1.0
1.0,0.0,1.0,0,0.0,0.0
1.0,0.0,0.0,0,0.0,0.0
1.0,1.0,0.0,1,0.0,0.0
0.0,0.0,0.0,0,0.0,1.0
0.0,0.0,0.0,0,0.0,0.0
1.0,1.0,1.0,1,0.0,1.0
1.0,1.0,1.0,1,0.0,1.0
0.0,0.0,0.0,0,1.0,1.0
0.0,0.0,0.0,1,0.0,0.0
0.0,1.0,1.0,1,1.0,0.0
1.0,1.0,1.0,1,1.0,1.0
0.0,0.0,1.0,0,0.0,1.0
0.0,1.0,0.0,1,1.0,0.0
0.0,1.0,1.0,1,0.0,1.0
0.0,0.0,0.0,0,0.0,0.0
1.0,1.0,0.0,1,0.0,1.0
1.0,1.0,1.0,1,0.0,1.0
1.0,0.0,0.0,0,1.0,0.0
0.0,1.0,1.0,1,1.0,0.0
0.0,1.0,1.0,1,0.0,0.0
1.0,1.0,1.0,1,0.0,1.0
1.0,1.0,1.0,1,0.0,1.0
0.0,0.0,0.0,1,0.0,1.0
0.0,1.0,1.0,1,0.0,0.0
0.0,1.0,1.0,1,0.0,1.0
1.0,0.0,0.0,0,0.0,0.0
1.0,1.0,1.0,1,1.0,1.0
1.0,1.0,0.0,1,0.0,0.0
1.0,1.0,0.0,1,0.0,1.0
0.0,1.0,0.0,1,0.0,0.0
0.0,1.0,1.0,1,1.0,1.0
0.0,0.0,0.0,0,0.0,0.0
1.0,0.0,0.0,0,0.0,0.0
1.0,0.0,1.0,1,1.0,1.0
0.0,1.0,1.0,1,0.0,1.0
1.0,0.0,0.0,0,0.0,0.0
1.0,0.0,0.0,0,0.0,0.0
1.0,1.0,1.0,1,0.0,1.0
1.0,1.0,1.0,1,0.0,0.0
0.0,0.0,0.0,0,0.0,1.0
1.0,0.0,0.0,0,0.0,0.0
1.0,0.0,1.0,0,0.0,1.0
0.0,1.0,0.0,1,0.0,1.0
0.0,1.0,1.0,1,0.0,1.0
1.0,1.0,1.0,1,0.0,0.0
1.0,0.0,0.0,0,0.0,0.0
1.0,1.0,1.0,1,0.0,1.0
1.0,0.0,0.0,0,0.0,0.0
0.0,0.0,0.0,0,0.0,0.0
0.0,0.0,0.0,0,0.0,0.0
1.0,1.0,0.0,1,0.0,0.0
1.0,1.0,1.0,1,0.0,1.0
1.0,1.0,1.0,1,0.0,0.0
1.0,1.0,1.0,1,1.0,1.0
0.0,1.0,1.0,1,0.0,1.0
1.0,1.0,1.0,1,0.0,1.0
0.0,1.0,1.0,1,1.0,1.0
0.0,0.0,0.0,0,0.0,0.0
0.0,0.0,0.0,0,0.0,0.0
1.0,1.0,1.0,1,1.0,1.0
0.0,0.0,0.0,0,0.0,0.0
1.0,1.0,1.0,1,1.0,0.0
0.0,0.0,0.0,0,0.0,0.0
0.0,1.0,0.0,0,1.0,0.0
0.0,0.0,0.0,0,0.0,0.0
1.0,1.0,1.0,1,0.0,1.0
1.0,1.0,1.0,1,0.0,0.0
1.0,1.0,1.0,1,0.0,1.0
1.0,1.0,1.0,1,0.0,1.0
0.0,0.0,0.0,0,0.0,0.0
0.0,0.0,0.0,0,0.0,0.0
0.0,0.0,0.0,0,0.0,0.0
0.0,0.0,0.0,0,0.0,0.0
0.0,0.0,0.0,0,0.0,1.0
1.0,0.0,0.0,0,0.0,0.0
1.0,1.0,1.0,1,0.0,0.0
1.0,0.0,0.0,0,0.0,0.0
0.0,0.0,0.0,0,0.0,0.0
1.0,0.0,0.0,1,0.0,1.0
0.0,1.0,1.0,1,0.0,0.0
0.0,0.0,0.0,0,0.0,0.0
0.0,0.0,0.0,0,0.0,0.0
0.0,0.0,0.0,0,0.0,0.0
0.0,0.0,0.0,0,1.0,0.0
0.0,1.0,1.0,1,0.0,1.0
1.0,0.0,0.0,0,0.0,0.0
0.0,0.0,0.0,0,0.0,1.0
1.0,1.0,1.0,1,0.0,0.0
1.0,0.0,0.0,0,0.0,1.0
0.0,0.0,0.0,0,0.0,0.0
0.0,0.0,0.0,0,0.0,0.0
0.0,1.0,1.0,0,0.0,0.0
1.0,0.0,0.0,0,0.0,0.0
0.0,0.0,0.0,0,0.0,1.0
1.0,0.0,1.0,0,1.0,0.0
1.0,1.0,1.0,1,1.0,1.0
0.0,1.0,1.0,1,0.0,1.0
1.0,1.0,1.0,1,0.0,1.0
1.0,0.0,0.0,0,1.0,1.0
0.0,0.0,0.0,1,0.0,0.0
0.0,0.0,0.0,0,1.0,0.0
0.0,1.0,0.0,0,0.0,0.0
1.0,1.0,1.0,1,0.0,1.0
0.0,1.0,1.0,0,1.0,0.0
1.0,1.0,1.0,1,0.0,0.0
0.0,0.0,0.0,0,0.0,0.0
0.0,0.0,0.0,0,1.0,0.0
0.0,0.0,0.0,0,1.0,0.0
0.0,1.0,1.0,1,0.0,0.0
1.0,0.0,1.0,0,0.0,1.0
0.0,0.0,1.0,0,1.0,0.0
0.0,0.0,0.0,0,1.0,0.0
1.0,1.0,1.0,1,0.0,1.0
0.0,1.0,0.0,1,0.0,0.0
0.0,0.0,0.0,0,0.0,0.0
1.0,1.0,0.0,1,0.0,1.0
0.0,1.0,0.0,0,0.0,0.0
1.0,1.0,1.0,1,1.0,1.0
1.0,1.0,1.0,1,1.0,1.0
0.0,0.0,1.0,0,1.0,0.0
1.0,1.0,1.0,1,1.0,1.0
1.0,1.0,1.0,1,0.0,0.0
0.0,1.0,1.0,1,1.0,0.0
1.0,1.0,1.0,1,0.0,0.0
0.0,0.0,0.0,0,1.0,0.0
1.0,0.0,0.0,0,0.0,0.0
0.0,0.0,0.0,0,1.0,0.0
0.0,1.0,1.0,1,0.0,0.0
0.0,0.0,0.0,0,0.0,0.0
0.0,1.0,1.0,1,1.0,0.0
1.0,0.0,0.0,0,0.0,1.0
1.0,1.0,1.0,1,0.0,1.0
1.0,1.0,1.0,1,0.0,1.0
0.0,0.0,0.0,0,0.0,0.0
0.0,0.0,0.0,0,0.0,0.0
1.0,1.0,1.0,1,1.0,1.0
0.0,0.0,0.0,0,1.0,0.0
0.0,1.0,1.0,1,0.0,1.0
0.0,0.0,0.0,1,0.0,1.0
0.0,0.0,1.0,0,1.0,0.0
0.0,0.0,0.0,0,0.0,1.0
1.0,1.0,1.0,1,0.0,1.0
1.0,1.0,1.0,1,1.0,1.0
1.0,1.0,1.0,1,1.0,1.0
1.0,1.0,1.0,1,0.0,0.0
1.0,1.0,1.0,1,1.0,0.0
1.0,1.0,1.0,1,1.0,1.0
1.0,1.0,1.0,1,0.0,1.0
1.0,0.0,0.0,0,0.0,0.0
1.0,1.0,1.0,1,0.0,0.0
0.0,0.0,0.0,0,1.0,0.0
0.0,0.0,0.0,0,0.0,0.0
0.0,0.0,0.0,1,0.0,1.0
1.0,1.0,1.0,1,1.0,1.0
0.0,0.0,0.0,0,0.0,0.0
0.0,0.0,0.0,0,0.0,0.0
0.0,0.0,0.0,0,1.0,0.0
0.0,0.0,0.0,0,1.0,1.0
1.0,1.0,1.0,1,0.0,0.0
0.0,0.0,0.0,0,0.0,0.0
0.0,0.0,0.0,0,0.0,0.0
1.0,0.0,1.0,0,0.0,0.0
0.0,0.0,0.0,0,0.0,1.0
1.0,1.0,1.0,1,0.0,1.0
1.0,1.0,1.0,1,0.0,1.0
0.0,1.0,1.0,1,0.0,1.0
1.0,1.0,1.0,1,0.0,1.0
1.0,1.0,1.0,1,0.0,0.0
0.0,0.0,0.0,0,0.0,0.0
0.0,0.0,0.0,0,1.0,0.0
1.0,1.0,1.0,1,1.0,0.0
0.0,1.0,1.0,1,0.0,1.0
0.0,1.0,1.0,0,0.0,1.0
1.0,1.0,1.0,0,0.0,0.0
1.0,0.0,0.0,0,0.0,0.0
0.0,0.0,0.0,0,1.0,0.0
0.0,0.0,0.0,0,0.0,0.0
0.0,0.0,0.0,0,0.0,1.0
1.0,1.0,1.0,1,0.0,0.0
0.0,0.0,0.0,0,0.0,0.0
0.0,0.0,0.0,0,0.0,0.0
1.0,1.0,1.0,1,0.0,1.0
0.0,0.0,1.0,0,1.0,0.0
0.0,0.0,0.0,0,0.0,0.0
0.0,0.0,0.0,0,0.0,1.0
0.0,0.0,0.0,0,0.0,0.0
1.0,1.0,1.0,1,1.0,1.0
0.0,0.0,0.0,0,0.0,0.0
1.0,1.0,1.0,1,1.0,0.0
0.0,1.0,1.0,1,0.0,0.0
1.0,1.0,1.0,0,0.0,0.0
0.0,0.0,0.0,0,0.0,0.0
0.0,0.0,0.0,0,0.0,1.0
1.0,1.0,1.0,1,0.0,1.0
1.0,0.0,0.0,1,0.0,0.0
0.0,0.0,0.0,0,1.0,1.0
0.0,0.0,0.0,0,1.0,0.0
1.0,1.0,0.0,1,1.0,1.0
0.0,0.0,1.0,0,1.0,0.0
0.0,1.0,1.0,1,0.0,1.0
0.0,1.0,0.0,1,0.0,0.0
0.0,0.0,0.0,0,0.0,1.0
0.0,0.0,0.0,0,1.0,0.0
0.0,0.0,0.0,0,0.0,0.0
1.0,1.0,1.0,1,0.0,1.0
1.0,1.0,1.0,1,0.0,1.0
1.0,1.0,1.0,1,1.0,1.0
1.0,1.0,1.0,1,1.0,1.0
0.0,0.0,0.0,0,0.0,0.0
0.0,1.0,1.0,1,0.0,1.0
0.0,1.0,1.0,1,1.0,0.0
1.0,1.0,1.0,1,1.0,1.0
1.0,1.0,1.0,1,1.0,1.0
1.0,1.0,1.0,1,1.0,1.0
1.0,0.0,0.0,0,1.0,0.0
1.0,1.0,1.0,1,0.0,1.0
1.0,0.0,0.0,0,0.0,0.0
0.0,0.0,0.0,0,0.0,1.0
1.0,1.0,0.0,1,1.0,1.0
0.0,0.0,0.0,0,0.0,1.0
1.0,1.0,1.0,1,1.0,1.0
0.0,0.0,0.0,0,0.0,0.0
1.0,1.0,1.0,1,0.0,1.0
1.0,1.0,1.0,1,0.0,0.0
1.0,1.0,1.0,1,0.0,0.0
0.0,0.0,0.0,1,0.0,1.0
0.0,0.0,0.0,0,0.0,0.0
0.0,1.0,0.0,1,0.0,0.0
1.0,1.0,1.0,1,1.0,1.0
1.0,1.0,0.0,0,0.0,1.0
1.0,1.0,1.0,1,0.0,1.0
0.0,1.0,0.0,1,0.0,1.0
1.0,1.0,0.0,1,1.0,1.0
0.0,1.0,1.0,0,1.0,0.0
1.0,1.0,1.0,1,0.0,0.0
1.0,1.0,1.0,1,0.0,1.0
1.0,1.0,1.0,1,0.0,1.0
1.0,0.0,1.0,1,0.0,0.0
1.0,0.0,0.0,0,0.0,0.0
0.0,0.0,0.0,0,0.0,0.0
1.0,1.0,1.0,1,0.0,1.0
0.0,0.0,0.0,0,0.0,0.0
0.0,0.0,1.0,0,0.0,0.0
0.0,0.0,1.0,0,0.0,1.0
1.0,0.0,0.0,0,0.0,0.0
0.0,0.0,0.0,0,0.0,0.0
0.0,0.0,0.0,0,1.0,0.0
1.0,0.0,0.0,1,0.0,0.0
0.0,0.0,0.0,0,0.0,0.0
1.0,1.0,1.0,1,1.0,1.0
1.0,1.0,1.0,1,0.0,1.0
1.0,1.0,0.0,1,0.0,1.0
0.0,0.0,0.0,0,1.0,0.0
0.0,1.0,0.0,0,1.0,0.0
0.0,0.0,0.0,0,0.0,0.0
1.0,1.0,1.0,1,0.0,1.0
1.0,0.0,1.0,0,0.0,0.0
0.0,0.0,0.0,0,1.0,0.0
1.0,0.0,0.0,0,1.0,0.0
0.0,0.0,0.0,0,1.0,0.0
1.0,1.0,1.0,1,0.0,1.0
0.0,1.0,1.0,1,1.0,1.0
0.0,0.0,0.0,0,0.0,1.0
1.0,1.0,1.0,1,1.0,1.0
0.0,0.0,0.0,0,0.0,0.0
1.0,0.0,0.0,0,1.0,0.0
0.0,0.0,0.0,0,1.0,0.0
0.0,0.0,0.0,0,0.0,0.0
0.0,0.0,0.0,0,1.0,1.0
1.0,0.0,0.0,0,0.0,0.0
1.0,1.0,1.0,0,0.0,1.0
1.0,1.0,1.0,0,0.0,0.0
1.0,1.0,0.0,1,1.0,1.0
0.0,0.0,0.0,0,0.0,0.0
0.0,0.0,0.0,0,0.0,0.0
0.0,0.0,0.0,0,0.0,0.0
0.0,0.0,0.0,0,0.0,0.0
0.0,1.0,0.0,1,1.0,1.0
0.0,0.0,1.0,1,0.0,1.0
0.0,0.0,0.0,0,1.0,0.0
1.0,1.0,1.0,1,0.0,1.0
0.0,0.0,1.0,0,0.0,0.0
0.0,1.0,0.0,0,0.0,1.0
0.0,0.0,0.0,0,0.0,1.0
1.0,1.0,1.0,1,0.0,1.0
1.0,0.0,0.0,0,0.0,0.0
0.0,1.0,1.0,1,0.0,1.0
0.0,0.0,0.0,0,0.0,0.0
0.0,0.0,0.0,0,0.0,0.0
0.0,0.0,0.0,0,0.0,0.0
1.0,1.0,1.0,1,0.0,1.0
0.0,0.0,0.0,0,0.0,1.0
1.0,1.0,1.0,0,0.0,1.0
1.0,0.0,0.0,0,0.0,0.0
1.0,1.0,1.0,1,1.0,1.0
1.0,0.0,0.0,0,0.0,0.0
0.0,0.0,0.0,0,0.0,0.0
0.0,1.0,1.0,1,0.0,1.0
1.0,1.0,1.0,1,0.0,1.0
0.0,0.0,0.0,0,0.0,0.0
0.0,0.0,0.0,0,1.0,0.0
1.0,1.0,0.0,1,0.0,1.0
0.0,0.0,1.0,0,1.0,0.0
1.0,1.0,1.0,1,1.0,1.0
1.0,1.0,1.0,1,1.0,0.0
1.0,0.0,0.0,0,1.0,0.0
1.0,1.0,0.0,1,0.0,1.0
1.0,0.0,0.0,0,0.0,0.0
1.0,0.0,0.0,0,0.0,0.0
0.0,0.0,0.0,0,0.0,0.0
1.0,1.0,1.0,1,0.0,1.0
0.0,0.0,0.0,0,1.0,0.0
0.0,0.0,0.0,1,0.0,0.0
0.0,0.0,0.0,0,1.0,0.0
0.0,0.0,0.0,0,0.0,1.0
1.0,1.0,1.0,1,0.0,1.0
1.0,1.0,1.0,1,1.0,0.0
1.0,0.0,0.0,0,0.0,0.0
1.0,0.0,1.0,1,0.0,0.0
1.0,0.0,0.0,0,0.0,1.0
1.0,1.0,0.0,0,1.0,1.0
0.0,0.0,0.0,0,0.0,0.0
1.0,1.0,1.0,1,1.0,1.0
1.0,1.0,0.0,1,0.0,0.0
0.0,0.0,0.0,1,1.0,1.0
0.0,1.0,0.0,1,0.0,1.0
1.0,1.0,1.0,1,1.0,1.0
1.0,1.0,0.0,1,0.0,1.0
0.0,1.0,1.0,1,1.0,1.0
0.0,0.0,0.0,0,0.0,0.0
1.0,1.0,1.0,1,1.0,1.0
0.0,0.0,0.0,0,0.0,0.0
1.0,1.0,1.0,0,0.0,1.0
1.0,1.0,1.0,1,0.0,1.0
0.0,0.0,0.0,0,0.0,1.0
0.0,0.0,0.0,0,0.0,0.0
1.0,0.0,0.0,0,0.0,0.0
1.0,1.0,1.0,1,1.0,0.0
1.0,1.0,1.0,1,0.0,1.0
1.0,1.0,1.0,1,1.0,1.0
0.0,0.0,1.0,0,0.0,0.0
1.0,1.0,1.0,1,1.0,0.0
0.0,0.0,0.0,0,0.0,0.0
1.0,1.0,1.0,1,1.0,1.0
0.0,0.0,0.0,0,0.0,0.0
1.0,1.0,1.0,1,1.0,0.0
0.0,1.0,1.0,1,0.0,1.0
1.0,1.0,1.0,1,0.0,1.0
1.0,1.0,1.0,1,0.0,1.0
0.0,0.0,0.0,0,0.0,0.0
0.0,1.0,1.0,1,1.0,1.0
1.0,1.0,1.0,1,0.0,0.0
1.0,1.0,1.0,1,0.0,1.0
1.0,1.0,1.0,1,1.0,1.0
0.0,0.0,0.0,0,1.0,0.0
1.0,0.0,0.0,0,0.0,0.0
0.0,1.0,1.0,0,0.0,0.0
0.0,0.0,0.0,0,0.0,0.0
0.0,0.0,0.0,0,0.0,0.0
1.0,1.0,1.0,1,0.0,1.0
0.0,0.0,0.0,0,0.0,0.0
1.0,1.0,0.0,1,1.0,0.0
1.0,0.0,1.0,0,0.0,0.0
0.0,1.0,1.0,1,0.0,1.0
1.0,1.0,1.0,1,0.0,1.0
1.0,1.0,1.0,1,1.0,1.0
0.0,0.0,0.0,0,0.0,0.0
1.0,1.0,1.0,1,0.0,1.0
1.0,1.0,1.0,1,1.0,1.0
1.0,1.0,1.0,1,1.0,0.0
1.0,1.0,1.0,1,0.0,1.0
1.0,1.0,1.0,1,0.0,0.0
1.0,0.0,0.0,0,1.0,1.0
0.0,0.0,0.0,0,0.0,0.0
0.0,0.0,0.0,0,0.0,1.0
1.0,1.0,1.0,1,1.0,0.0
1.0,1.0,1.0,1,1.0,1.0
0.0,1.0,1.0,1,1.0,0.0
1.0,1.0,0.0,0,0.0,1.0
0.0,0.0,0.0,0,1.0,0.0
1.0,1.0,1.0,1,1.0,0.0
1.0,1.0,1.0,1,0.0,1.0
0.0,0.0,1.0,0,0.0,0.0
1.0,0.0,0.0,0,1.0,1.0
1.0,1.0,1.0,1,1.0,1.0
1.0,1.0,1.0,1,0.0,1.0
1.0,1.0,1.0,1,1.0,1.0
0.0,1.0,0.0,1,0.0,1.0
1.0,1.0,1.0,1,0.0,1.0
0.0,0.0,0.0,0,0.0,0.0
1.0,1.0,1.0,1,0.0,1.0
1.0,0.0,0.0,0,1.0,1.0
0.0,0.0,0.0,0,0.0,1.0
0.0,0.0,0.0,0,0.0,0.0
1.0,1.0,1.0,1,0.0,1.0
1.0,0.0,0.0,0,0.0,0.0
0.0,0.0,0.0,0,0.0,0.0
0.0,0.0,0.0,0,0.0,0.0
1.0,1.0,0.0,1,0.0,1.0
0.0,0.0,0.0,0,0.0,0.0
0.0,0.0,0.0,0,0.0,0.0
1.0,1.0,1.0,1,1.0,1.0
1.0,1.0,1.0,1,0.0,1.0
1.0,1.0,0.0,1,1.0,1.0
1.0,1.0,0.0,1,0.0,0.0
1.0,0.0,0.0,0,0.0,0.0
0.0,1.0,1.0,1,1.0,0.0
0.0,1.0,1.0,1,0.0,0.0
1.0,1.0,1.0,1,1.0,1.0
0.0,0.0,0.0,0,0.0,0.0
0.0,0.0,0.0,0,0.0,0.0
0.0,1.0,1.0,0,0.0,1.0
1.0,0.0,0.0,0,0.0,0.0
0.0,1.0,1.0,1,0.0,0.0
0.0,0.0,1.0,0,0.0,0.0
1.0,1.0,1.0,1,0.0,1.0
1.0,1.0,1.0,0,1.0,0.0
1.0,1.0,1.0,1,1.0,1.0
0.0,0.0,0.0,0,0.0,0.0
0.0,1.0,1.0,1,0.0,1.0
1.0,1.0,1.0,1,0.0,1.0
1.0,0.0,0.0,1,0.0,1.0
0.0,0.0,0.0,0,1.0,0.0
1.0,1.0,1.0,1,0.0,1.0
1.0,1.0,0.0,1,0.0,1.0
1.0,0.0,0.0,1,0.0,0.0
1.0,1.0,1.0,1,1.0,1.0
0.0,1.0,1.0,1,0.0,0.0
1.0,0.0,0.0,0,0.0,0.0
1.0,0.0,0.0,0,0.0,0.0
0.0,0.0,0.0,1,0.0,0.0
0.0,0.0,1.0,0,1.0,0.0
1.0,1.0,1.0,1,0.0,1.0
0.0,1.0,1.0,1,0.0,1.0
0.0,0.0,0.0,0,0.0,0.0
0.0,0.0,0.0,0,0.0,0.0
1.0,0.0,1.0,0,1.0,0.0
1.0,1.0,1.0,1,1.0,1.0
1.0,1.0,1.0,1,1.0,0.0
0.0,0.0,1.0,0,1.0,0.0
1.0,1.0,1.0,1,1.0,1.0
1.0,0.0,0.0,0,0.0,1.0
0.0,1.0,1.0,1,0.0,0.0
0.0,1.0,0.0,1,0.0,1.0
1.0,1.0,1.0,1,0.0,0.0
1.0,1.0,1.0,1,1.0,1.0
1.0,0.0,1.0,0,1.0,1.0
1.0,1.0,0.0,1,0.0,1.0
1.0,1.0,1.0,1,1.0,1.0
0.0,0.0,0.0,0,1.0,1.0
0.0,1.0,0.0,1,0.0,0.0
0.0,0.0,0.0,0,0.0,0.0
1.0,0.0,0.0,1,0.0,0.0
0.0,1.0,0.0,1,0.0,1.0
1.0,1.0,1.0,1,0.0,0.0
0.0,0.0,0.0,1,0.0,0.0
0.0,0.0,1.0,1,0.0,1.0
1.0,0.0,0.0,0,0.0,0.0
1.0,0.0,0.0,0,0.0,1.0
1.0,1.0,1.0,1,0.0,0.0
1.0,0.0,1.0,1,0.0,1.0
1.0,1.0,1.0,1,0.0,1.0
0.0,1.0,1.0,1,0.0,0.0
0.0,1.0,1.0,1,0.0,1.0
1.0,1.0,1.0,1,1.0,0.0
0.0,0.0,0.0,0,0.0,0.0
0.0,0.0,0.0,0,1.0,1.0
0.0,0.0,0.0,0,0.0,0.0
1.0,1.0,0.0,1,0.0,1.0
1.0,1.0,1.0,1,1.0,0.0
1.0,0.0,0.0,0,0.0,1.0
1.0,0.0,0.0,0,0.0,0.0
0.0,0.0,1.0,0,0.0,0.0
1.0,1.0,0.0,1,0.0,0.0
1.0,1.0,0.0,1,0.0,1.0
1.0,1.0,1.0,1,1.0,1.0
0.0,0.0,0.0,0,0.0,0.0
0.0,0.0,0.0,1,0.0,0.0
1.0,0.0,0.0,0,0.0,0.0
1.0,0.0,0.0,0,0.0,0.0
0.0,1.0,1.0,1,1.0,1.0
0.0,0.0,0.0,0,0.0,0.0
1.0,1.0,1.0,1,1.0,1.0
1.0,1.0,1.0,1,0.0,1.0
1.0,1.0,1.0,1,0.0,1.0
0.0,0.0,0.0,0,0.0,0.0
1.0,0.0,0.0,0,1.0,1.0
1.0,1.0,1.0,1,0.0,1.0
1.0,0.0,0.0,0,0.0,0.0
0.0,0.0,0.0,0,0.0,1.0
0.0,1.0,1.0,1,0.0,1.0
1.0,0.0,0.0,0,0.0,1.0
1.0,1.0,1.0,0,0.0,0.0
1.0,1.0,1.0,1,1.0,1.0
1.0,1.0,1.0,1,0.0,1.0
1.0,1.0,1.0,0,1.0,0.0
1.0,0.0,0.0,0,1.0,0.0
0.0,0.0,0.0,0,1.0,0.0
1.0,0.0,0.0,0,0.0,0.0
1.0,1.0,0.0,1,0.0,1.0
0.0,0.0,0.0,0,0.0,1.0
0.0,0.0,1.0,0,0.0,0.0
1.0,1.0,1.0,1,1.0,1.0
0.0,1.0,1.0,1,0.0,0.0
1.0,0.0,1.0,1,0.0,1.0
0.0,1.0,1.0,1,0.0,1.0
0.0,0.0,1.0,0,1.0,0.0
1.0,1.0,1.0,1,0.0,1.0
1.0,1.0,1.0,1,1.0,1.0
1.0,0.0,0.0,0,0.0,1.0
1.0,1.0,1.0,1,1.0,1.0
1.0,1.0,1.0,1,0.0,1.0
0.0,0.0,0.0,0,0.0,0.0
0.0,0.0,0.0,1,1.0,0.0
0.0,0.0,1.0,0,0.0,0.0
0.0,0.0,0.0,0,1.0,0.0
0.0,1.0,1.0,1,0.0,1.0
0.0,1.0,0.0,0,0.0,0.0
0.0,0.0,1.0,0,1.0,1.0
1.0,1.0,0.0,0,0.0,0.0
1.0,0.0,1.0,0,0.0,1.0
0.0,0.0,0.0,0,0.0,0.0
0.0,0.0,0.0,0,0.0,0.0
0.0,0.0,0.0,0,1.0,0.0
0.0,0.0,0.0,0,0.0,0.0
0.0,0.0,0.0,0,1.0,0.0
1.0,0.0,0.0,0,0.0,0.0
1.0,0.0,0.0,0,0.0,1.0
1.0,1.0,1.0,1,1.0,1.0
0.0,1.0,0.0,0,1.0,0.0
0.0,0.0,0.0,1,0.0,0.0
1.0,1.0,0.0,1,1.0,0.0
1.0,0.0,0.0,0,0.0,0.0
1.0,0.0,0.0,0,1.0,0.0
0.0,0.0,0.0,0,0.0,1.0
0.0,1.0,1.0,1,0.0,1.0
0.0,1.0,0.0,1,1.0,1.0
0.0,1.0,1.0,1,1.0,0.0
0.0,0.0,0.0,0,0.0,0.0
1.0,1.0,1.0,1,1.0,1.0
0.0,0.0,1.0,0,0.0,0.0
1.0,0.0,0.0,0,0.0,0.0
1.0,1.0,1.0,1,1.0,1.0
0.0,0.0,0.0,0,0.0,0.0
0.0,0.0,0.0,0,1.0,1.0
1.0,1.0,0.0,1,0.0,1.0
1.0,1.0,1.0,1,0.0,1.0
1.0,1.0,1.0,1,0.0,1.0
1.0,0.0,0.0,0,0.0,1.0
1.0,1.0,1.0,1,1.0,1.0
1.0,1.0,1.0,1,0.0,1.0
1.0,0.0,0.0,0,0.0,0.0
0.0,0.0,1.0,0,1.0,0.0
0.0,1.0,1.0,1,0.0,1.0
1.0,1.0,0.0,1,0.0,0.0
0.0,0.0,1.0,1,0.0,0.0
0.0,0.0,0.0,0,1.0,0.0
1.0,0.0,1.0,0,1.0,0.0
1.0,1.0,1.0,0,0.0,0.0
0.0,0.0,0.0,0,0.0,1.0
1.0,1.0,0.0,1,0.0,1.0
0.0,0.0,0.0,0,0.0,0.0
1.0,1.0,1.0,1,1.0,0.0
0.0,1.0,1.0,1,0.0,0.0
0.0,1.0,0.0,1,0.0,1.0
1.0,0.0,0.0,0,0.0,1.0
0.0,0.0,0.0,0,0.0,0.0
0.0,1.0,1.0,1,1.0,0.0
1.0,0.0,0.0,0,0.0,1.0
0.0,0.0,0.0,0,0.0,0.0
1.0,0.0,0.0,0,0.0,0.0
0.0,0.0,0.0,0,1.0,1.0
0.0,0.0,0.0,0,0.0,0.0
0.0,0.0,0.0,0,0.0,0.0
1.0,1.0,1.0,1,0.0,0.0
0.0,1.0,0.0,1,0.0,0.0
1.0,0.0,0.0,0,0.0,0.0
1.0,1.0,1.0,1,1.0,1.0
1.0,1.0,1.0,1,0.0,1.0
1.0,1.0,1.0,1,0.0,0.0
1.0,1.0,0.0,0,0.0,1.0
0.0,0.0,0.0,1,0.0,1.0
0.0,0.0,0.0,0,0.0,0.0
1.0,1.0,1.0,1,1.0,1.0
0.0,0.0,1.0,0,1.0,0.0
1.0,1.0,1.0,1,1.0,1.0
0.0,0.0,0.0,1,1.0,0.0
0.0,0.0,0.0,0,0.0,1.0
1.0,1.0,1.0,1,1.0,1.0
1.0,1.0,0.0,1,0.0,1.0
0.0,0.0,0.0,0,0.0,1.0
0.0,0.0,0.0,0,1.0,0.0
0.0,1.0,1.0,1,0.0,0.0
0.0,0.0,0.0,0,0.0,0.0
0.0,0.0,0.0,0,0.0,1.0
1.0,0.0,0.0,0,0.0,1.0
1.0,0.0,0.0,0,1.0,1.0
1.0,1.0,1.0,0,0.0,0.0
1.0,1.0,0.0,1,0.0,1.0
1.0,0.0,0.0,0,0.0,1.0
1.0,1.0,1.0,1,1.0,1.0
1.0,1.0,0.0,1,1.0,1.0
0.0,0.0,0.0,0,1.0,1.0
1.0,1.0,1.0,1,0.0,1.0
0.0,0.0,0.0,0,0.0,1.0
0.0,0.0,0.0,0,0.0,0.0
0.0,0.0,0.0,0,0.0,0.0
0.0,0.0,0.0,0,1.0,0.0
1.0,1.0,1.0,1,0.0,1.0
1.0,0.0,0.0,0,0.0,0.0
0.0,0.0,0.0,0,0.0,0.0
0.0,0.0,0.0,0,0.0,1.0
1.0,0.0,0.0,1,0.0,0.0
1.0,1.0,1.0,1,0.0,1.0
1.0,1.0,1.0,1,0.0,0.0
1.0,1.0,1.0,1,0.0,1.0
0.0,0.0,0.0,0,0.0,0.0
0.0,0.0,0.0,0,1.0,0.0
1.0,0.0,0.0,0,0.0,0.0
1.0,0.0,0.0,0,0.0,1.0
1.0,1.0,1.0,1,1.0,1.0
1.0,0.0,0.0,0,1.0,0.0
1.0,1.0,0.0,1,0.0,0.0
1.0,1.0,1.0,1,0.0,1.0
0.0,0.0,0.0,0,1.0,1.0
1.0,0.0,0.0,0,0.0,1.0
1.0,0.0,1.0,0,0.0,0.0
1.0,1.0,1.0,0,1.0,0.0
1.0,1.0,1.0,1,0.0,0.0
0.0,0.0,0.0,0,0.0,0.0
0.0,0.0,0.0,0,1.0,0.0
0.0,1.0,1.0,1,0.0,1.0
1.0,0.0,0.0,0,0.0,0.0
0.0,0.0,0.0,0,1.0,0.0
0.0,0.0,0.0,0,1.0,1.0
1.0,1.0,0.0,1,0.0,1.0
1.0,1.0,1.0,1,1.0,1.0
1.0,1.0,1.0,1,0.0,1.0
1.0,0.0,0.0,0,1.0,0.0
0.0,0.0,0.0,0,1.0,0.0
0.0,0.0,0.0,0,1.0,0.0
1.0,1.0,1.0,1,1.0,1.0
1.0,1.0,1.0,1,1.0,1.0
0.0,0.0,0.0,0,0.0,0.0
0.0,1.0,1.0,1,1.0,0.0
0.0,0.0,0.0,0,0.0,0.0
1.0,1.0,1.0,1,0.0,1.0
1.0,0.0,0.0,0,0.0,0.0
0.0,1.0,1.0,1,1.0,1.0
1.0,0.0,0.0,0,0.0,1.0
0.0,1.0,1.0,1,0.0,1.0
0.0,0.0,0.0,1,0.0,0.0
0.0,0.0,0.0,0,1.0,0.0
0.0,0.0,1.0,0,0.0,0.0
0.0,0.0,0.0,0,0.0,0.0
0.0,0.0,0.0,0,0.0,1.0
0.0,0.0,1.0,0,1.0,0.0
1.0,1.0,1.0,1,1.0,1.0
0.0,0.0,0.0,0,0.0,0.0
1.0,1.0,0.0,1,0.0,1.0
0.0,1.0,1.0,1,0.0,1.0
0.0,1.0,1.0,1,0.0,0.0
1.0,0.0,0.0,0,0.0,0.0
1.0,0.0,0.0,0,0.0,0.0
1.0,1.0,1.0,1,0.0,1.0
1.0,1.0,1.0,1,1.0,1.0
1.0,1.0,1.0,0,1.0,0.0
0.0,0.0,1.0,0,0.0,0.0
1.0,1.0,1.0,1,0.0,1.0
0.0,0.0,0.0,0,0.0,0.0
1.0,1.0,0.0,1,0.0,1.0
0.0,0.0,1.0,0,1.0,1.0
0.0,0.0,0.0,0,0.0,0.0
1.0,1.0,1.0,1,1.0,1.0
0.0,0.0,0.0,0,0.0,0.0
0.0,1.0,1.0,1,0.0,0.0
1.0,1.0,1.0,1,0.0,1.0
1.0,1.0,0.0,1,0.0,0.0
1.0,0.0,0.0,0,0.0,1.0
1.0,1.0,1.0,1,0.0,0.0
0.0,0.0,0.0,0,1.0,0.0
1.0,0.0,0.0,0,0.0,1.0
1.0,0.0,1.0,0,0.0,0.0
0.0,1.0,1.0,1,0.0,1.0
1.0,1.0,1.0,1,0.0,1.0
1.0,1.0,1.0,1,0.0,1.0
0.0,0.0,0.0,0,0.0,0.0
0.0,0.0,0.0,0,0.0,1.0
1.0,1.0,0.0,1,0.0,0.0
1.0,0.0,1.0,0,0.0,0.0
1.0,1.0,1.0,1,1.0,1.0
0.0,1.0,1.0,1,0.0,1.0
1.0,0.0,0.0,1,0.0,1.0
0.0,1.0,0.0,1,0.0,1.0
0.0,0.0,0.0,0,0.0,0.0
1.0,0.0,1.0,0,1.0,0.0
0.0,1.0,0.0,1,0.0,0.0
0.0,0.0,0.0,0,0.0,0.0
0.0,0.0,0.0,0,1.0,0.0
0.0,0.0,0.0,0,0.0,0.0
1.0,1.0,0.0,1,0.0,0.0
0.0,0.0,0.0,0,0.0,0.0
1.0,1.0,1.0,1,0.0,1.0
1.0,1.0,0.0,1,0.0,1.0
1.0,0.0,0.0,0,0.0,0.0
1.0,1.0,1.0,1,1.0,1.0
0.0,1.0,1.0,0,1.0,0.0
1.0,1.0,0.0,0,0.0,0.0
0.0,0.0,0.0,0,0.0,1.0
1.0,1.0,1.0,1,0.0,1.0
0.0,0.0,0.0,0,0.0,0.0
0.0,0.0,1.0,0,1.0,0.0
0.0,0.0,0.0,0,1.0,0.0
1.0,1.0,1.0,1,0.0,1.0
1.0,1.0,1.0,1,0.0,1.0
0.0,0.0,1.0,0,1.0,0.0
0.0,0.0,0.0,0,0.0,0.0
1.0,1.0,1.0,1,0.0,1.0
0.0,0.0,0.0,0,0.0,0.0
1.0,1.0,1.0,1,1.0,1.0
1.0,0.0,0.0,0,0.0,0.0
0.0,1.0,1.0,1,1.0,1.0
1.0,0.0,0.0,0,1.0,0.0
0.0,0.0,1.0,0,0.0,0.0
1.0,1.0,1.0,1,0.0,1.0
0.0,0.0,0.0,0,0.0,0.0
1.0,1.0,1.0,1,0.0,0.0
1.0,0.0,0.0,0,0.0,0.0
1.0,1.0,1.0,1,1.0,1.0
1.0,0.0,1.0,0,0.0,1.0
1.0,1.0,1.0,1,0.0,1.0
1.0,1.0,1.0,0,0.0,0.0
1.0,0.0,0.0,0,0.0,0.0
1.0,0.0,0.0,0,1.0,1.0
1.0,1.0,1.0,1,0.0,1.0
1.0,0.0,0.0,0,0.0,0.0
1.0,1.0,1.0,1,1.0,1.0
0.0,0.0,0.0,0,0.0,0.0
1.0,0.0,0.0,0,0.0,1.0
0.0,0.0,0.0,0,0.0,0.0
0.0,0.0,1.0,0,0.0,0.0
0.0,0.0,1.0,0,1.0,0.0
1.0,1.0,1.0,1,1.0,1.0
1.0,1.0,1.0,1,1.0,1.0
1.0,0.0,1.0,0,0.0,0.0
1.0,1.0,1.0,1,1.0,1.0
0.0,0.0,1.0,0,1.0,0.0
0.0,0.0,0.0,0,0.0,0.0
1.0,0.0,0.0,0,0.0,0.0
0.0,0.0,0.0,0,0.0,0.0
1.0,1.0,0.0,0,0.0,0.0
1.0,1.0,1.0,1,0.0,1.0
0.0,0.0,0.0,0,0.0,0.0
1.0,1.0,1.0,1,0.0,1.0
1.0,1.0,0.0,1,0.0,0.0
0.0,0.0,0.0,0,0.0,0.0
0.0,0.0,0.0,0,1.0,0.0
1.0,1.0,1.0,1,0.0,1.0
1.0,1.0,1.0,1,0.0,1.0
0.0,0.0,0.0,0,1.0,0.0
0.0,0.0,0.0,0,0.0,0.0
0.0,1.0,1.0,1,1.0,1.0
1.0,0.0,0.0,1,1.0,1.0
1.0,1.0,1.0,1,0.0,1.0
1.0,1.0,1.0,1,0.0,1.0
1.0,1.0,0.0,1,0.0,0.0
1.0,1.0,1.0,0,1.0,1.0
1.0,0.0,0.0,0,1.0,0.0
0.0,1.0,1.0,1,0.0,1.0
1.0,1.0,0.0,1,0.0,1.0
0.0,0.0,0.0,0,0.0,0.0
0.0,1.0,1.0,1,0.0,1.0
1.0,1.0,0.0,1,1.0,1.0
1.0,0.0,1.0,0,0.0,0.0
1.0,1.0,1.0,1,0.0,1.0
0.0,1.0,1.0,1,1.0,0.0
1.0,1.0,1.0,1,0.0,1.0
1.0,1.0,1.0,1,1.0,1.0
1.0,1.0,1.0,1,1.0,1.0
1.0,1.0,1.0,0,1.0,0.0
1.0,0.0,0.0,1,0.0,1.0
1.0,0.0,0.0,1,0.0,0.0
0.0,1.0,1.0,0,1.0,0.0
0.0,0.0,0.0,0,0.0,0.0
1.0,1.0,1.0,1,0.0,1.0
0.0,0.0,0.0,0,1.0,0.0
0.0,0.0,0.0,0,0.0,0.0
1.0,1.0,1.0,1,0.0,0.0
0.0,0.0,0.0,0,0.0,1.0
0.0,0.0,0.0,0,0.0,0.0
1.0,0.0,0.0,0,0.0,0.0
1.0,1.0,0.0,1,0.0,1.0
0.0,0.0,0.0,0,0.0,0.0
1.0,1.0,1.0,0,0.0,0.0
1.0,1.0,0.0,1,0.0,0.0
1.0,0.0,1.0,0,0.0,0.0
0.0,0.0,1.0,0,0.0,0.0
1.0,1.0,1.0,1,1.0,1.0
0.0,0.0,0.0,0,0.0,1.0
0.0,0.0,0.0,1,0.0,1.0
0.0,0.0,0.0,0,0.0,0.0
1.0,1.0,1.0,1,0.0,0.0
0.0,0.0,0.0,0,0.0,0.0
1.0,0.0,0.0,0,1.0,0.0
1.0,1.0,1.0,1,1.0,1.0
0.0,0.0,0.0,0,0.0,1.0
0.0,1.0,1.0,0,0.0,1.0
0.0,0.0,0.0,0,1.0,0.0
1.0,1.0,1.0,1,0.0,1.0
1.0,0.0,0.0,0,0.0,1.0
0.0,0.0,0.0,0,0.0,0.0
1.0,1.0,1.0,1,1.0,0.0
0.0,1.0,0.0,1,0.0,0.0
0.0,0.0,1.0,0,1.0,1.0
1.0,1.0,0.0,1,0.0,1.0
0.0,0.0,0.0,0,0.0,0.0
0.0,0.0,0.0,0,0.0,0.0
1.0,0.0,1.0,0,0.0,1.0
1.0,1.0,1.0,1,1.0,1.0
1.0,0.0,0.0,0,0.0,0.0
0.0,0.0,0.0,0,1.0,1.0
1.0,0.0,0.0,1,0.0,0.0
1.0,1.0,1.0,1,0.0,1.0
0.0,0.0,0.0,0,0.0,0.0
1.0,1.0,1.0,1,1.0,1.0
1.0,1.0,0.0,1,0.0,0.0
0.0,1.0,1.0,1,0.0,1.0
1.0,1.0,1.0,1,1.0,1.0
0.0,0.0,0.0,0,0.0,1.0
0.0,0.0,0.0,0,0.0,0.0
1.0,0.0,0.0,0,0.0,0.0
0.0,0.0,0.0,0,0.0,0.0
1.0,1.0,1.0,1,0.0,1.0
0.0,1.0,1.0,1,1.0,1.0
1.0,1.0,1.0,1,0.0,0.0
0.0,0.0,0.0,0,0.0,0.0
0.0,0.0,0.0,0,0.0,1.0
1.0,1.0,0.0,1,0.0,1.0
1.0,1.0,1.0,1,1.0,1.0
1.0,1.0,1.0,1,1.0,0.0
0.0,0.0,0.0,0,0.0,1.0
0.0,0.0,0.0,0,0.0,0.0
0.0,0.0,0.0,0,0.0,0.0
0.0,0.0,1.0,0,0.0,1.0
1.0,1.0,0.0,1,1.0,0.0
0.0,0.0,0.0,0,1.0,0.0
0.0,0.0,0.0,0,0.0,0.0
1.0,1.0,1.0,1,0.0,0.0
0.0,0.0,0.0,0,1.0,0.0
1.0,1.0,1.0,1,1.0,1.0
1.0,0.0,0.0,0,1.0,0.0
1.0,1.0,1.0,1,0.0,1.0
1.0,1.0,1.0,1,1.0,1.0
0.0,0.0,0.0,0,0.0,1.0
1.0,1.0,0.0,1,0.0,1.0
1.0,0.0,0.0,1,0.0,0.0
1.0,1.0,1.0,0,0.0,0.0
0.0,0.0,0.0,0,0.0,1.0
1.0,0.0,0.0,0,0.0,0.0
1.0,1.0,1.0,1,0.0,1.0
1.0,0.0,1.0,0,0.0,0.0
0.0,0.0,0.0,1,1.0,1.0
1.0,1.0,1.0,1,0.0,1.0
0.0,0.0,1.0,0,0.0,0.0
0.0,0.0,0.0,0,1.0,1.0
1.0,1.0,1.0,1,0.0,0.0
1.0,1.0,0.0,1,0.0,1.0
1.0,0.0,0.0,0,0.0,0.0
1.0,1.0,0.0,1,0.0,1.0
1.0,1.0,0.0,0,0.0,1.0
0.0,0.0,0.0,0,0.0,0.0
0.0,1.0,0.0,1,0.0,0.0
0.0,0.0,0.0,0,0.0,0.0
1.0,1.0,0.0,1,1.0,1.0
1.0,1.0,1.0,1,0.0,0.0
0.0,0.0,0.0,0,0.0,0.0
0.0,0.0,0.0,0,1.0,0.0
1.0,1.0,1.0,1,0.0,1.0
0.0,0.0,0.0,0,0.0,0.0
1.0,1.0,1.0,1,1.0,0.0
0.0,0.0,0.0,0,1.0,0.0
1.0,1.0,1.0,1,0.0,1.0
1.0,1.0,0.0,1,0.0,1.0
0.0,0.0,0.0,0,0.0,0.0
1.0,1.0,1.0,1,0.0,1.0
1.0,0.0,0.0,0,0.0,0.0
0.0,0.0,0.0,0,1.0,0.0
1.0,1.0,1.0,1,0.0,1.0
0.0,0.0,0.0,0,0.0,0.0
0.0,1.0,0.0,1,0.0,0.0
1.0,1.0,1.0,0,1.0,0.0
0.0,0.0,0.0,0,0.0,0.0
1.0,0.0,0.0,0,1.0,1.0
0.0,0.0,0.0,0,1.0,1.0
0.0,1.0,1.0,1,0.0,1.0
1.0,1.0,1.0,1,0.0,1.0
0.0,1.0,0.0,1,0.0,1.0
0.0,0.0,1.0,0,0.0,1.0
1.0,0.0,0.0,0,0.0,0.0
0.0,1.0,0.0,0,0.0,0.0
1.0,1.0,1.0,1,0.0,0.0
0.0,0.0,0.0,0,0.0,0.0
0.0,1.0,0.0,1,0.0,1.0
0.0,0.0,0.0,0,0.0,0.0
0.0,0.0,0.0,0,1.0,0.0
1.0,1.0,1.0,1,1.0,1.0
1.0,1.0,1.0,1,1.0,1.0
1.0,0.0,1.0,0,1.0,1.0
0.0,1.0,0.0,0,0.0,1.0
0.0,0.0,0.0,0,0.0,1.0
0.0,1.0,1.0,1,0.0,1.0
0.0,1.0,1.0,1,0.0,1.0
1.0,0.0,0.0,0,0.0,0.0
0.0,1.0,1.0,1,0.0,0.0
1.0,1.0,1.0,1,0.0,1.0
0.0,0.0,0.0,0,0.0,0.0
0.0,0.0,0.0,0,0.0,0.0
0.0,0.0,0.0,0,0.0,0.0
0.0,1.0,1.0,1,1.0,1.0
0.0,1.0,0.0,1,0.0,1.0
0.0,0.0,0.0,0,0.0,0.0
0.0,1.0,1.0,1,0.0,0.0
0.0,0.0,0.0,0,0.0,0.0
0.0,1.0,1.0,0,1.0,0.0
1.0,0.0,0.0,0,0.0,0.0
0.0,0.0,0.0,0,0.0,0.0
0.0,0.0,0.0,0,1.0,0.0
0.0,1.0,1.0,1,0.0,0.0
0.0,1.0,1.0,1,1.0,1.0
1.0,1.0,0.0,1,0.0,1.0
1.0,0.0,0.0,0,0.0,0.0
0.0,0.0,0.0,0,0.0,0.0
0.0,0.0,0.0,0,0.0,0.0
1.0,1.0,0.0,1,0.0,1.0
0.0,0.0,0.0,0,0.0,0.0
0.0,1.0,1.0,0,0.0,0.0
1.0,1.0,1.0,1,1.0,0.0
0.0,0.0,0.0,0,0.0,0.0
0.0,1.0,1.0,0,1.0,0.0
0.0,0.0,0.0,0,0.0,0.0
0.0,0.0,0.0,1,0.0,0.0
0.0,0.0,0.0,0,0.0,0.0
1.0,1.0,1.0,1,1.0,1.0
0.0,0.0,0.0,0,0.0,0.0
1.0,1.0,0.0,1,0.0,1.0
1.0,1.0,1.0,1,0.0,1.0
0.0,0.0,0.0,0,0.0,0.0
0.0,0.0,0.0,0,0.0,0.0
1.0,1.0,1.0,1,0.0,0.0
1.0,0.0,0.0,0,1.0,0.0
0.0,0.0,0.0,0,0.0,0.0
0.0,1.0,0.0,1,1.0,0.0
1.0,1.0,1.0,1,1.0,1.0
1.0,1.0,1.0,1,1.0,1.0
1.0,1.0,1.0,1,0.0,0.0
1.0,0.0,0.0,0,0.0,0.0
1.0,1.0,1.0,1,1.0,1.0
0.0,0.0,0.0,1,1.0,1.0
1.0,0.0,0.0,0,0.0,0.0
1.0,1.0,1.0,1,1.0,1.0
1.0,0.0,0.0,1,1.0,0.0
1.0,0.0,0.0,0,0.0,0.0
0.0,1.0,1.0,1,0.0,1.0
1.0,1.0,1.0,1,1.0,1.0
1.0,0.0,0.0,0,1.0,1.0
0.0,0.0,0.0,0,0.0,0.0
0.0,0.0,0.0,0,0.0,1.0
0.0,0.0,0.0,0,1.0,0.0
1.0,1.0,1.0,1,1.0,1.0
1.0,1.0,1.0,1,0.0,1.0
0.0,0.0,1.0,0,1.0,0.0
0.0,1.0,1.0,0,1.0,1.0
1.0,1.0,1.0,1,1.0,1.0
1.0,0.0,0.0,0,0.0,1.0
0.0,0.0,0.0,0,0.0,0.0
1.0,1.0,1.0,1,0.0,1.0
1.0,1.0,1.0,1,0.0,1.0
1.0,1.0,0.0,1,0.0,0.0
0.0,0.0,0.0,1,0.0,0.0
1.0,0.0,0.0,0,0.0,0.0
0.0,0.0,0.0,0,0.0,0.0
1.0,1.0,1.0,1,0.0,1.0
1.0,0.0,1.0,1,0.0,0.0
0.0,1.0,1.0,1,1.0,1.0
1.0,1.0,1.0,1,1.0,0.0
0.0,1.0,1.0,1,0.0,1.0
1.0,1.0,1.0,1,1.0,0.0
1.0,1.0,1.0,1,0.0,1.0
0.0,0.0,0.0,0,0.0,0.0
1.0,1.0,1.0,1,1.0,1.0
0.0,1.0,0.0,1,0.0,0.0
1.0,1.0,1.0,1,1.0,0.0
0.0,1.0,1.0,1,0.0,1.0
0.0,0.0,0.0,0,0.0,0.0
1.0,1.0,1.0,1,1.0,1.0
1.0,1.0,1.0,1,0.0,0.0
1.0,1.0,1.0,1,0.0,1.0
0.0,1.0,0.0,1,0.0,1.0
0.0,0.0,0.0,0,0.0,0.0
1.0,0.0,0.0,0,0.0,0.0
1.0,1.0,1.0,1,1.0,1.0
1.0,0.0,0.0,0,0.0,0.0
1.0,1.0,1.0,0,0.0,0.0
1.0,0.0,1.0,0,1.0,1.0
0.0,0.0,0.0,0,0.0,0.0
1.0,0.0,0.0,1,1.0,1.0
1.0,1.0,1.0,0,1.0,1.0
1.0,1.0,1.0,1,0.0,1.0
1.0,1.0,1.0,0,1.0,1.0
1.0,0.0,0.0,0,0.0,0.0
1.0,0.0,0.0,0,0.0,0.0
0.0,1.0,1.0,0,1.0,1.0
1.0,0.0,0.0,1,0.0,1.0
0.0,0.0,0.0,0,0.0,0.0
0.0,0.0,0.0,0,0.0,1.0
0.0,0.0,1.0,0,1.0,0.0
0.0,1.0,1.0,1,0.0,1.0
0.0,0.0,0.0,0,1.0,0.0
0.0,0.0,0.0,0,0.0,0.0
1.0,1.0,1.0,1,0.0,1.0
1.0,0.0,0.0,0,0.0,1.0
0.0,0.0,0.0,0,1.0,0.0
1.0,0.0,0.0,0,0.0,1.0
1.0,1.0,1.0,1,1.0,1.0
0.0,0.0,0.0,0,0.0,0.0
0.0,0.0,0.0,0,0.0,0.0
0.0,0.0,0.0,0,1.0,0.0
1.0,0.0,0.0,0,0.0,1.0
1.0,1.0,1.0,1,1.0,1.0
1.0,0.0,0.0,0,0.0,0.0
0.0,0.0,0.0,0,0.0,0.0
1.0,1.0,1.0,1,0.0,0.0
0.0,1.0,1.0,1,0.0,0.0
0.0,0.0,0.0,0,0.0,0.0
1.0,0.0,0.0,0,1.0,1.0
1.0,1.0,1.0,1,0.0,1.0
0.0,0.0,0.0,0,0.0,0.0
0.0,0.0,0.0,0,0.0,0.0
0.0,0.0,1.0,0,0.0,0.0
0.0,0.0,0.0,0,1.0,0.0
0.0,1.0,1.0,1,1.0,0.0
1.0,1.0,1.0,1,0.0,1.0
0.0,0.0,0.0,0,0.0,0.0
1.0,0.0,0.0,0,0.0,1.0
0.0,0.0,0.0,0,0.0,0.0
0.0,0.0,0.0,0,1.0,0.0
0.0,0.0,1.0,0,0.0,0.0
0.0,1.0,1.0,1,0.0,0.0
0.0,0.0,1.0,0,0.0,0.0
1.0,1.0,1.0,1,1.0,0.0
0.0,0.0,0.0,0,1.0,0.0
1.0,1.0,1.0,1,0.0,1.0
0.0,0.0,0.0,0,0.0,0.0
1.0,1.0,1.0,1,0.0,1.0
0.0,0.0,1.0,0,1.0,0.0
0.0,1.0,0.0,0,0.0,0.0
0.0,0.0,0.0,0,0.0,0.0
1.0,1.0,1.0,1,1.0,1.0
0.0,1.0,1.0,1,0.0,1.0
0.0,1.0,1.0,0,0.0,0.0
1.0,1.0,1.0,1,1.0,1.0
1.0,1.0,0.0,1,0.0,1.0
1.0,1.0,1.0,1,0.0,1.0
1.0,0.0,0.0,0,0.0,0.0
0.0,0.0,0.0,0,1.0,0.0
1.0,1.0,1.0,1,1.0,0.0
1.0,0.0,0.0,0,0.0,0.0
1.0,0.0,0.0,0,1.0,0.0
0.0,0.0,0.0,0,0.0,0.0
0.0,0.0,0.0,0,0.0,1.0
1.0,0.0,0.0,0,0.0,0.0
0.0,1.0,1.0,1,0.0,0.0
0.0,0.0,0.0,0,0.0,0.0
1.0,1.0,1.0,1,0.0,1.0
0.0,0.0,0.0,1,0.0,1.0
0.0,0.0,0.0,0,1.0,0.0
1.0,0.0,0.0,0,0.0,1.0
0.0,0.0,0.0,0,1.0,0.0
0.0,0.0,0.0,0,0.0,0.0
0.0,0.0,0.0,0,1.0,0.0
0.0,0.0,0.0,0,1.0,1.0
1.0,0.0,0.0,0,0.0,0.0
1.0,1.0,1.0,1,0.0,1.0
0.0,1.0,1.0,1,1.0,1.0
0.0,0.0,0.0,0,1.0,0.0
1.0,1.0,1.0,1,1.0,1.0
0.0,0.0,0.0,0,1.0,0.0
1.0,1.0,1.0,1,0.0,0.0
1.0,1.0,1.0,1,0.0,1.0
0.0,0.0,1.0,0,0.0,0.0
1.0,1.0,1.0,1,0.0,1.0
0.0,0.0,0.0,0,0.0,0.0
0.0,1.0,0.0,1,0.0,1.0
1.0,1.0,1.0,1,0.0,0.0
1.0,0.0,0.0,1,0.0,1.0
0.0,1.0,1.0,1,0.0,1.0
1.0,1.0,1.0,1,1.0,0.0
1.0,1.0,0.0,1,0.0,0.0
0.0,1.0,1.0,1,0.0,1.0
0.0,0.0,0.0,0,1.0,0.0
0.0,0.0,0.0,0,0.0,0.0
0.0,1.0,0.0,1,0.0,1.0
1.0,1.0,1.0,1,0.0,1.0
0.0,0.0,0.0,0,0.0,0.0
1.0,1.0,1.0,1,1.0,1.0
1.0,1.0,1.0,1,0.0,1.0
0.0,0.0,1.0,0,0.0,0.0
1.0,1.0,0.0,1,0.0,1.0
1.0,1.0,1.0,1,0.0,1.0
1.0,1.0,1.0,1,1.0,0.0
1.0,1.0,1.0,1,1.0,1.0
0.0,0.0,0.0,0,0.0,0.0
1.0,1.0,1.0,0,0.0,0.0
0.0,0.0,0.0,0,0.0,1.0
0.0,0.0,0.0,0,1.0,1.0
0.0,0.0,0.0,0,0.0,0.0
1.0,1.0,1.0,1,1.0,1.0
1.0,0.0,0.0,0,0.0,0.0
0.0,0.0,0.0,0,0.0,0.0
0.0,0.0,0.0,0,0.0,0.0
0.0,0.0,0.0,0,0.0,1.0
1.0,1.0,0.0,1,0.0,0.0
1.0,1.0,0.0,1,0.0,1.0
0.0,1.0,1.0,1,0.0,1.0
1.0,1.0,1.0,1,0.0,1.0
1.0,1.0,1.0,1,1.0,1.0
0.0,1.0,1.0,1,1.0,1.0
0.0,0.0,0.0,0,0.0,0.0
0.0,0.0,0.0,0,0.0,0.0
0.0,0.0,0.0,0,0.0,1.0
1.0,1.0,1.0,0,0.0,1.0
1.0,1.0,1.0,1,1.0,1.0
0.0,0.0,0.0,0,1.0,0.0
0.0,0.0,0.0,0,0.0,0.0
0.0,0.0,0.0,0,0.0,0.0
0.0,1.0,1.0,1,0.0,0.0
0.0,0.0,0.0,0,0.0,1.0
1.0,0.0,0.0,1,1.0,0.0
0.0,0.0,0.0,1,0.0,0.0
0.0,0.0,0.0,0,0.0,0.0
1.0,1.0,1.0,1,0.0,0.0
0.0,0.0,0.0,0,1.0,0.0
0.0,1.0,1.0,1,1.0,0.0
1.0,0.0,0.0,0,0.0,0.0
0.0,1.0,1.0,0,1.0,0.0
0.0,0.0,0.0,0,0.0,0.0
0.0,0.0,0.0,0,0.0,0.0
0.0,1.0,1.0,1,1.0,1.0
0.0,0.0,0.0,0,1.0,1.0
0.0,0.0,0.0,0,0.0,0.0
0.0,0.0,0.0,0,0.0,0.0
0.0,0.0,0.0,0,0.0,0.0
0.0,0.0,0.0,0,0.0,1.0
1.0,1.0,1.0,1,0.0,1.0
0.0,0.0,0.0,0,0.0,0.0
1.0,1.0,1.0,1,1.0,1.0
1.0,1.0,1.0,1,0.0,1.0
1.0,1.0,1.0,1,0.0,1.0
0.0,1.0,1.0,1,0.0,0.0
0.0,0.0,0.0,0,1.0,0.0
1.0,0.0,0.0,0,1.0,0.0
1.0,1.0,1.0,1,0.0,1.0
0.0,0.0,0.0,0,0.0,0.0
0.0,0.0,0.0,0,0.0,1.0
0.0,0.0,0.0,0,0.0,1.0
1.0,0.0,0.0,0,1.0,1.0
1.0,1.0,1.0,1,1.0,0.0
1.0,1.0,0.0,0,0.0,0.0
1.0,1.0,1.0,1,0.0,1.0
0.0,0.0,1.0,0,0.0,0.0
1.0,1.0,1.0,1,0.0,1.0
1.0,1.0,1.0,1,1.0,1.0
1.0,1.0,1.0,1,0.0,1.0
0.0,0.0,0.0,0,0.0,0.0
1.0,1.0,0.0,1,1.0,1.0
1.0,1.0,1.0,1,1.0,1.0
0.0,0.0,0.0,0,0.0,0.0
0.0,1.0,1.0,0,0.0,1.0
1.0,1.0,1.0,0,1.0,0.0
1.0,1.0,1.0,1,1.0,1.0
0.0,0.0,0.0,0,0.0,0.0
0.0,0.0,0.0,0,0.0,0.0
1.0,1.0,1.0,1,0.0,1.0
0.0,1.0,0.0,1,0.0,1.0
1.0,1.0,1.0,1,0.0,1.0
0.0,0.0,0.0,0,0.0,0.0
0.0,0.0,0.0,0,0.0,0.0
0.0,0.0,0.0,0,1.0,0.0
1.0,0.0,0.0,0,1.0,0.0
0.0,0.0,0.0,0,0.0,0.0
1.0,1.0,1.0,1,1.0,0.0
1.0,0.0,1.0,0,0.0,0.0
1.0,1.0,1.0,1,0.0,0.0
0.0,0.0,1.0,0,1.0,0.0
0.0,0.0,0.0,0,0.0,0.0
1.0,1.0,1.0,1,0.0,0.0
0.0,0.0,0.0,0,0.0,0.0
0.0,0.0,0.0,0,0.0,0.0
0.0,0.0,0.0,0,0.0,0.0
1.0,1.0,1.0,1,0.0,1.0
0.0,0.0,0.0,0,0.0,0.0
1.0,1.0,1.0,1,0.0,0.0
1.0,1.0,0.0,0,1.0,1.0
1.0,0.0,0.0,1,1.0,0.0
1.0,1.0,1.0,1,1.0,1.0
1.0,1.0,1.0,1,1.0,0.0
1.0,1.0,1.0,1,0.0,1.0
1.0,0.0,0.0,0,0.0,1.0
0.0,0.0,0.0,0,0.0,0.0
1.0,1.0,1.0,1,1.0,0.0
1.0,0.0,1.0,0,0.0,0.0
0.0,1.0,1.0,1,0.0,1.0
0.0,0.0,0.0,0,0.0,1.0
0.0,0.0,0.0,0,0.0,0.0
1.0,1.0,1.0,1,0.0,1.0
1.0,1.0,1.0,1,1.0,1.0
0.0,1.0,1.0,1,0.0,1.0
1.0,0.0,0.0,0,0.0,1.0
0.0,1.0,1.0,0,0.0,1.0
0.0,0.0,0.0,1,0.0,1.0
1.0,1.0,1.0,1,0.0,1.0
0.0,1.0,1.0,0,0.0,0.0
0.0,0.0,0.0,0,0.0,1.0
1.0,1.0,1.0,1,1.0,1.0
0.0,0.0,0.0,0,0.0,0.0
1.0,1.0,1.0,1,0.0,1.0
0.0,1.0,1.0,1,0.0,1.0
0.0,0.0,0.0,0,0.0,0.0
1.0,0.0,0.0,0,0.0,0.0
0.0,0.0,0.0,0,0.0,1.0
0.0,0.0,0.0,1,0.0,0.0
0.0,0.0,1.0,0,0.0,0.0
1.0,1.0,0.0,1,0.0,1.0
1.0,1.0,1.0,1,0.0,1.0
1.0,1.0,1.0,1,1.0,1.0
1.0,1.0,0.0,1,0.0,0.0
0.0,1.0,0.0,1,0.0,0.0
1.0,1.0,1.0,1,1.0,0.0
1.0,1.0,0.0,1,0.0,1.0
1.0,0.0,0.0,0,0.0,1.0
1.0,0.0,1.0,0,0.0,0.0
0.0,0.0,1.0,1,0.0,0.0
0.0,0.0,0.0,0,0.0,0.0
1.0,1.0,1.0,0,1.0,1.0
0.0,0.0,0.0,0,0.0,0.0
1.0,1.0,1.0,1,0.0,1.0
0.0,1.0,1.0,1,0.0,0.0
1.0,0.0,0.0,1,0.0,1.0
1.0,0.0,0.0,0,1.0,1.0
0.0,0.0,0.0,0,1.0,0.0
1.0,1.0,1.0,1,1.0,1.0
1.0,1.0,1.0,1,0.0,1.0
1.0,1.0,1.0,1,1.0,1.0
0.0,1.0,1.0,1,1.0,1.0
0.0,0.0,0.0,0,0.0,0.0
0.0,1.0,1.0,1,1.0,0.0
1.0,1.0,1.0,1,0.0,0.0
0.0,0.0,0.0,0,0.0,0.0
0.0,1.0,1.0,1,1.0,1.0
0.0,0.0,0.0,0,0.0,1.0
1.0,0.0,0.0,0,0.0,0.0
0.0,0.0,0.0,0,1.0,0.0
0.0,0.0,0.0,1,1.0,1.0
1.0,0.0,1.0,0,0.0,0.0
0.0,0.0,0.0,0,0.0,1.0
0.0,0.0,0.0,0,0.0,1.0
0.0,1.0,0.0,0,0.0,0.0
1.0,0.0,0.0,0,0.0,0.0
0.0,0.0,0.0,0,1.0,0.0
1.0,0.0,0.0,1,0.0,0.0
1.0,1.0,1.0,1,0.0,1.0
1.0,1.0,0.0,1,0.0,0.0
0.0,0.0,0.0,0,0.0,0.0
1.0,1.0,1.0,1,1.0,1.0
0.0,0.0,1.0,0,1.0,0.0
0.0,0.0,0.0,0,0.0,0.0
1.0,1.0,1.0,1,0.0,1.0
1.0,0.0,0.0,0,0.0,0.0
1.0,0.0,0.0,1,0.0,0.0
1.0,1.0,1.0,1,1.0,1.0
0.0,1.0,1.0,1,0.0,1.0
0.0,1.0,1.0,1,0.0,1.0
1.0,1.0,0.0,1,0.0,1.0
1.0,0.0,0.0,0,0.0,1.0
1.0,1.0,1.0,1,0.0,0.0
0.0,0.0,0.0,0,1.0,0.0
0.0,0.0,0.0,0,0.0,0.0
1.0,0.0,0.0,1,0.0,0.0
1.0,1.0,0.0,1,0.0,0.0
0.0,0.0,0.0,0,1.0,0.0
0.0,0.0,0.0,0,0.0,0.0
0.0,0.0,1.0,0,0.0,0.0
0.0,0.0,0.0,0,1.0,0.0
0.0,0.0,0.0,0,0.0,1.0
0.0,1.0,1.0,1,0.0,1.0
1.0,0.0,0.0,1,1.0,1.0
0.0,1.0,0.0,1,0.0,1.0
1.0,1.0,1.0,1,1.0,1.0
0.0,0.0,0.0,0,0.0,0.0
0.0,0.0,1.0,0,0.0,0.0
0.0,0.0,0.0,0,0.0,0.0
0.0,0.0,0.0,0,0.0,1.0
0.0,0.0,0.0,0,1.0,0.0
0.0,0.0,0.0,0,0.0,0.0
0.0,0.0,1.0,0,1.0,0.0
1.0,0.0,0.0,0,0.0,1.0
1.0,1.0,1.0,1,0.0,1.0
1.0,0.0,0.0,0,0.0,0.0
1.0,1.0,1.0,1,1.0,1.0
0.0,1.0,1.0,0,1.0,0.0
1.0,0.0,0.0,0,0.0,0.0
0.0,0.0,0.0,1,0.0,1.0
0.0,0.0,1.0,0,0.0,0.0
1.0,1.0,1.0,1,1.0,1.0
0.0,0.0,0.0,0,1.0,1.0
1.0,1.0,1.0,1,0.0,1.0
0.0,0.0,0.0,0,1.0,0.0
0.0,0.0,1.0,0,0.0,0.0
0.0,0.0,0.0,0,0.0,1.0
0.0,0.0,0.0,1,0.0,1.0
0.0,0.0,0.0,0,0.0,1.0
1.0,1.0,0.0,1,1.0,1.0
0.0,0.0,1.0,1,0.0,1.0
1.0,1.0,1.0,1,1.0,1.0
0.0,1.0,0.0,1,1.0,0.0
0.0,0.0,0.0,0,0.0,0.0
0.0,1.0,1.0,1,0.0,1.0
1.0,1.0,1.0,1,0.0,1.0
0.0,1.0,1.0,1,1.0,0.0
0.0,0.0,0.0,0,0.0,1.0
1.0,1.0,1.0,1,1.0,1.0
1.0,1.0,1.0,1,1.0,1.0
1.0,0.0,0.0,0,0.0,1.0
1.0,1.0,1.0,1,0.0,1.0
0.0,0.0,0.0,0,0.0,0.0
0.0,0.0,1.0,1,0.0,1.0
1.0,1.0,1.0,1,0.0,0.0
0.0,1.0,1.0,0,1.0,1.0
1.0,1.0,1.0,1,0.0,0.0
0.0,0.0,0.0,0,1.0,0.0
1.0,1.0,0.0,1,0.0,0.0
1.0,1.0,1.0,1,0.0,1.0
0.0,0.0,0.0,0,0.0,0.0
1.0,1.0,1.0,1,1.0,1.0
1.0,1.0,1.0,0,0.0,0.0
0.0,1.0,1.0,1,0.0,1.0
1.0,0.0,1.0,1,0.0,0.0
1.0,0.0,0.0,0,0.0,0.0
1.0,1.0,1.0,1,1.0,1.0
1.0,0.0,0.0,0,0.0,1.0
1.0,1.0,1.0,1,0.0,1.0
0.0,0.0,0.0,0,0.0,0.0
1.0,0.0,0.0,0,0.0,1.0
0.0,0.0,1.0,0,0.0,0.0
0.0,1.0,1.0,1,0.0,0.0
0.0,0.0,0.0,0,1.0,0.0
1.0,1.0,1.0,1,1.0,1.0
0.0,0.0,0.0,0,0.0,1.0
1.0,1.0,1.0,1,1.0,1.0
0.0,1.0,1.0,1,0.0,1.0
1.0,1.0,1.0,1,0.0,1.0
1.0,1.0,1.0,1,1.0,1.0
1.0,1.0,1.0,1,1.0,1.0
0.0,0.0,0.0,0,0.0,0.0
0.0,1.0,0.0,0,0.0,0.0
1.0,1.0,1.0,1,0.0,1.0
1.0,1.0,1.0,1,0.0,1.0
0.0,1.0,1.0,1,1.0,0.0
0.0,0.0,0.0,0,0.0,0.0
0.0,1.0,0.0,1,0.0,1.0
0.0,1.0,0.0,1,0.0,1.0
0.0,0.0,0.0,0,0.0,0.0
0.0,1.0,1.0,1,0.0,1.0
1.0,1.0,0.0,1,1.0,1.0
1.0,0.0,0.0,0,0.0,1.0
0.0,1.0,1.0,1,1.0,1.0
1.0,0.0,1.0,1,0.0,0.0
0.0,0.0,0.0,0,0.0,0.0
1.0,1.0,1.0,1,1.0,0.0
1.0,1.0,1.0,1,1.0,0.0
0.0,1.0,0.0,1,0.0,1.0
0.0,0.0,0.0,0,0.0,0.0
0.0,0.0,0.0,0,0.0,1.0
0.0,0.0,0.0,0,1.0,1.0
1.0,1.0,1.0,1,1.0,1.0
0.0,0.0,0.0,0,0.0,0.0
1.0,0.0,0.0,0,1.0,0.0
0.0,1.0,1.0,1,0.0,1.0
0.0,0.0,1.0,1,0.0,0.0
1.0,1.0,1.0,1,1.0,1.0
0.0,0.0,0.0,0,0.0,1.0
1.0,1.0,1.0,1,1.0,1.0
0.0,0.0,0.0,0,0.0,1.0
0.0,0.0,0.0,0,0.0,0.0
0.0,0.0,0.0,0,0.0,0.0
0.0,1.0,1.0,1,0.0,1.0
1.0,1.0,0.0,1,0.0,1.0
1.0,0.0,1.0,0,1.0,0.0
1.0,1.0,1.0,1,0.0,1.0
0.0,0.0,0.0,0,0.0,1.0
1.0,0.0,0.0,0,0.0,0.0
1.0,1.0,1.0,1,1.0,1.0
1.0,0.0,0.0,0,0.0,0.0
1.0,0.0,0.0,0,0.0,1.0
1.0,1.0,1.0,1,1.0,1.0
0.0,1.0,1.0,1,1.0,1.0
1.0,1.0,1.0,1,1.0,1.0
0.0,0.0,0.0,0,0.0,0.0
0.0,0.0,0.0,0,0.0,0.0
1.0,1.0,0.0,0,1.0,0.0
0.0,0.0,0.0,0,0.0,0.0
1.0,0.0,0.0,0,0.0,0.0
1.0,0.0,0.0,0,1.0,0.0
1.0,1.0,1.0,1,1.0,0.0
0.0,1.0,1.0,1,0.0,0.0
0.0,0.0,0.0,0,0.0,0.0
1.0,1.0,0.0,1,1.0,1.0
0.0,1.0,1.0,1,0.0,1.0
0.0,0.0,0.0,0,0.0,0.0
1.0,1.0,1.0,1,1.0,1.0
1.0,1.0,1.0,1,1.0,1.0
0.0,0.0,0.0,0,0.0,1.0
0.0,0.0,0.0,0,0.0,0.0
1.0,1.0,1.0,1,0.0,0.0
1.0,0.0,0.0,0,1.0,0.0
1.0,1.0,1.0,1,1.0,1.0
0.0,0.0,0.0,0,1.0,0.0
1.0,1.0,0.0,1,0.0,1.0
0.0,0.0,0.0,0,0.0,0.0
0.0,0.0,0.0,0,1.0,0.0
1.0,1.0,0.0,1,1.0,1.0
1.0,1.0,1.0,1,1.0,1.0
1.0,1.0,0.0,1,0.0,0.0
0.0,1.0,1.0,1,0.0,0.0
1.0,1.0,1.0,1,1.0,0.0
1.0,1.0,1.0,1,1.0,0.0
1.0,0.0,0.0,0,0.0,0.0
0.0,1.0,1.0,1,0.0,0.0
1.0,0.0,0.0,0,1.0,0.0
0.0,0.0,0.0,0,0.0,0.0
1.0,0.0,0.0,1,1.0,1.0
0.0,0.0,0.0,0,1.0,0.0
1.0,1.0,1.0,1,1.0,1.0
1.0,1.0,1.0,1,1.0,1.0
1.0,0.0,0.0,0,0.0,0.0
1.0,0.0,0.0,0,1.0,0.0
0.0,1.0,1.0,1,0.0,1.0
0.0,0.0,0.0,1,0.0,0.0
0.0,0.0,0.0,1,0.0,1.0
0.0,1.0,1.0,1,0.0,1.0
1.0,1.0,1.0,1,1.0,0.0
0.0,0.0,0.0,0,0.0,1.0
1.0,1.0,1.0,1,0.0,0.0
0.0,0.0,0.0,0,0.0,0.0
0.0,0.0,1.0,0,0.0,1.0
1.0,0.0,0.0,0,0.0,0.0
1.0,1.0,1.0,1,0.0,1.0
1.0,0.0,0.0,1,0.0,0.0
0.0,0.0,0.0,0,0.0,0.0
0.0,0.0,0.0,0,0.0,1.0
0.0,0.0,0.0,0,0.0,0.0
1.0,0.0,1.0,0,0.0,0.0
0.0,1.0,1.0,1,0.0,0.0
0.0,0.0,0.0,0,1.0,0.0
0.0,1.0,1.0,1,0.0,1.0
1.0,1.0,1.0,1,0.0,1.0
0.0,0.0,0.0,0,0.0,1.0
0.0,1.0,1.0,1,1.0,1.0
1.0,1.0,1.0,1,1.0,0.0
0.0,1.0,1.0,1,0.0,1.0
1.0,1.0,1.0,0,0.0,0.0
0.0,0.0,0.0,0,0.0,0.0
1.0,1.0,1.0,1,0.0,1.0
0.0,0.0,0.0,0,0.0,0.0
0.0,1.0,1.0,1,1.0,0.0
1.0,1.0,0.0,1,0.0,1.0
0.0,1.0,1.0,1,0.0,1.0
1.0,1.0,1.0,1,0.0,1.0
0.0,0.0,1.0,0,0.0,0.0
1.0,0.0,0.0,0,0.0,0.0
0.0,0.0,0.0,0,0.0,0.0
1.0,0.0,0.0,1,0.0,1.0
0.0,0.0,0.0,0,0.0,0.0
1.0,1.0,1.0,1,0.0,1.0
0.0,0.0,0.0,0,0.0,1.0
0.0,0.0,0.0,0,0.0,0.0
0.0,1.0,1.0,1,0.0,1.0
0.0,0.0,0.0,0,1.0,0.0
0.0,0.0,0.0,0,0.0,0.0
1.0,0.0,1.0,0,0.0,1.0
1.0,1.0,0.0,1,0.0,0.0
1.0,1.0,1.0,1,1.0,1.0
0.0,0.0,0.0,0,0.0,0.0
0.0,0.0,0.0,0,0.0,0.0
1.0,1.0,1.0,1,0.0,1.0
0.0,0.0,1.0,0,0.0,0.0
0.0,0.0,0.0,0,0.0,0.0
0.0,1.0,1.0,1,1.0,1.0
1.0,1.0,0.0,0,1.0,0.0
1.0,1.0,1.0,1,0.0,1.0
1.0,1.0,1.0,0,1.0,1.0
1.0,1.0,1.0,1,1.0,0.0
0.0,1.0,1.0,1,0.0,1.0
1.0,0.0,0.0,0,0.0,0.0
1.0,1.0,1.0,1,0.0,1.0
0.0,0.0,0.0,0,0.0,0.0
1.0,1.0,1.0,1,1.0,1.0
0.0,1.0,1.0,1,0.0,0.0
0.0,0.0,0.0,0,1.0,0.0
0.0,0.0,0.0,0,0.0,0.0
0.0,0.0,0.0,0,1.0,0.0
0.0,0.0,0.0,0,0.0,0.0
1.0,1.0,1.0,1,0.0,1.0
0.0,0.0,0.0,0,0.0,1.0
1.0,1.0,1.0,1,0.0,1.0
1.0,1.0,1.0,1,0.0,1.0
1.0,1.0,1.0,1,0.0,1.0
1.0,1.0,1.0,1,0.0,1.0
1.0,1.0,1.0,1,0.0,1.0
0.0,0.0,0.0,0,1.0,0.0
1.0,1.0,0.0,1,0.0,1.0
1.0,0.0,0.0,0,0.0,0.0
1.0,0.0,0.0,0,0.0,1.0
1.0,1.0,1.0,1,0.0,1.0
0.0,1.0,1.0,1,0.0,1.0
1.0,1.0,0.0,1,0.0,0.0
1.0,1.0,1.0,1,1.0,1.0
0.0,1.0,1.0,1,0.0,0.0
1.0,0.0,0.0,0,0.0,0.0
1.0,0.0,0.0,1,1.0,0.0
0.0,0.0,1.0,0,1.0,0.0
0.0,0.0,0.0,0,1.0,0.0
0.0,0.0,0.0,0,1.0,1.0
1.0,0.0,0.0,1,1.0,0.0
1.0,1.0,1.0,1,1.0,1.0
0.0,1.0,1.0,1,0.0,0.0
1.0,1.0,1.0,1,1.0,1.0
0.0,0.0,0.0,0,0.0,0.0
1.0,0.0,0.0,1,0.0,0.0
0.0,1.0,1.0,1,1.0,1.0
1.0,1.0,1.0,1,1.0,1.0
0.0,0.0,0.0,0,0.0,0.0
0.0,1.0,1.0,0,0.0,1.0
1.0,1.0,1.0,1,1.0,1.0
1.0,0.0,0.0,1,0.0,1.0
0.0,0.0,0.0,0,0.0,0.0
1.0,0.0,0.0,0,0.0,0.0
1.0,0.0,1.0,0,1.0,0.0
0.0,0.0,0.0,0,1.0,1.0
1.0,0.0,1.0,0,0.0,0.0
0.0,1.0,1.0,1,0.0,0.0
1.0,1.0,1.0,1,0.0,1.0
1.0,0.0,0.0,0,0.0,1.0
1.0,1.0,1.0,0,1.0,1.0
0.0,0.0,0.0,0,0.0,0.0
1.0,0.0,0.0,1,1.0,1.0
1.0,1.0,0.0,1,0.0,0.0
1.0,0.0,1.0,0,1.0,0.0
0.0,0.0,0.0,0,0.0,0.0
1.0,1.0,1.0,1,1.0,1.0
0.0,1.0,1.0,1,0.0,1.0
0.0,0.0,0.0,0,0.0,0.0
1.0,1.0,0.0,0,0.0,0.0
0.0,0.0,0.0,0,0.0,0.0
1.0,1.0,1.0,1,0.0,0.0
0.0,0.0,0.0,0,0.0,0.0
0.0,1.0,1.0,1,0.0,1.0
1.0,1.0,0.0,1,0.0,1.0
1.0,1.0,1.0,1,0.0,0.0
1.0,1.0,0.0,1,1.0,1.0
1.0,0.0,0.0,0,0.0,1.0
0.0,0.0,0.0,0,0.0,0.0
1.0,1.0,0.0,1,0.0,1.0
0.0,0.0,0.0,0,1.0,0.0
0.0,0.0,0.0,0,0.0,0.0
0.0,0.0,0.0,0,0.0,0.0
1.0,1.0,1.0,1,0.0,1.0
0.0,1.0,1.0,1,0.0,0.0
1.0,1.0,1.0,1,0.0,0.0
1.0,0.0,1.0,0,0.0,0.0
1.0,1.0,1.0,1,1.0,1.0
0.0,0.0,0.0,0,0.0,0.0
0.0,0.0,0.0,0,1.0,0.0
0.0,1.0,1.0,1,1.0,1.0
0.0,0.0,0.0,0,0.0,1.0
1.0,0.0,0.0,0,0.0,0.0
0.0,0.0,0.0,0,0.0,1.0
1.0,1.0,0.0,1,0.0,1.0
1.0,1.0,0.0,1,0.0,1.0
0.0,0.0,0.0,0,0.0,0.0
1.0,0.0,0.0,0,0.0,0.0
1.0,0.0,0.0,0,1.0,1.0
1.0,0.0,0.0,0,1.0,0.0
1.0,1.0,1.0,1,0.0,1.0
1.0,1.0,1.0,1,0.0,1.0
0.0,0.0,1.0,1,0.0,0.0
0.0,0.0,1.0,0,0.0,0.0
0.0,0.0,0.0,0,0.0,1.0
1.0,1.0,1.0,1,0.0,0.0
0.0,0.0,0.0,0,1.0,0.0
1.0,1.0,1.0,1,1.0,1.0
1.0,1.0,1.0,1,0.0,1.0
0.0,0.0,0.0,0,0.0,0.0
1.0,0.0,0.0,0,0.0,0.0
0.0,0.0,0.0,0,1.0,0.0
0.0,1.0,1.0,1,0.0,1.0
0.0,1.0,1.0,1,1.0,1.0
1.0,1.0,1.0,1,1.0,0.0
0.0,0.0,0.0,0,0.0,0.0
0.0,0.0,0.0,0,0.0,0.0
1.0,1.0,1.0,1,0.0,0.0
1.0,1.0,1.0,1,0.0,1.0
1.0,1.0,1.0,1,0.0,0.0
0.0,0.0,0.0,0,0.0,0.0
0.0,0.0,0.0,0,0.0,1.0
0.0,0.0,1.0,0,0.0,0.0
0.0,0.0,1.0,0,1.0,0.0
0.0,0.0,0.0,0,0.0,0.0
0.0,1.0,1.0,1,1.0,1.0
0.0,1.0,1.0,0,1.0,0.0
1.0,1.0,1.0,1,0.0,1.0
0.0,1.0,1.0,1,0.0,1.0
1.0,1.0,1.0,1,1.0,1.0
0.0,0.0,0.0,0,0.0,0.0
1.0,0.0,0.0,0,0.0,0.0
1.0,0.0,0.0,0,0.0,0.0
1.0,1.0,1.0,1,0.0,1.0
1.0,1.0,1.0,1,1.0,0.0
1.0,1.0,0.0,1,0.0,0.0
1.0,1.0,1.0,1,1.0,1.0
0.0,0.0,0.0,0,0.0,0.0
0.0,0.0,0.0,0,0.0,0.0
1.0,1.0,1.0,1,1.0,0.0
0.0,1.0,1.0,0,1.0,0.0
1.0,1.0,1.0,1,1.0,1.0
1.0,1.0,1.0,1,0.0,1.0
1.0,0.0,0.0,0,0.0,0.0
0.0,1.0,0.0,1,0.0,0.0
0.0,1.0,0.0,1,0.0,0.0
1.0,1.0,1.0,0,1.0,0.0
0.0,0.0,0.0,0,1.0,1.0
1.0,1.0,1.0,1,0.0,1.0
0.0,0.0,0.0,0,0.0,0.0
1.0,1.0,1.0,1,0.0,1.0
0.0,1.0,1.0,1,1.0,1.0
1.0,0.0,0.0,0,1.0,0.0
1.0,0.0,1.0,1,0.0,0.0
0.0,0.0,0.0,0,0.0,0.0
1.0,0.0,0.0,0,0.0,0.0
1.0,1.0,1.0,1,0.0,1.0
0.0,0.0,1.0,1,1.0,0.0
1.0,1.0,1.0,1,0.0,1.0
1.0,1.0,1.0,1,1.0,0.0
1.0,0.0,0.0,0,0.0,0.0
1.0,1.0,0.0,0,0.0,0.0
1.0,0.0,0.0,0,0.0,0.0
0.0,0.0,0.0,0,0.0,1.0
0.0,0.0,0.0,0,0.0,0.0
0.0,0.0,1.0,0,0.0,0.0
0.0,0.0,0.0,0,1.0,1.0
1.0,1.0,1.0,1,1.0,1.0
0.0,0.0,0.0,0,1.0,0.0
0.0,0.0,0.0,0,0.0,0.0
0.0,0.0,0.0,0,0.0,0.0
0.0,0.0,0.0,1,1.0,0.0
0.0,1.0,1.0,1,1.0,0.0
1.0,0.0,0.0,0,0.0,1.0
1.0,1.0,1.0,0,1.0,1.0
1.0,0.0,0.0,0,0.0,0.0
1.0,1.0,0.0,1,0.0,1.0
0.0,1.0,1.0,1,1.0,1.0
1.0,1.0,0.0,1,0.0,1.0
0.0,0.0,0.0,0,1.0,0.0
1.0,1.0,1.0,1,1.0,0.0
0.0,0.0,0.0,0,1.0,0.0
0.0,1.0,1.0,1,0.0,1.0
0.0,0.0,0.0,1,0.0,0.0
1.0,0.0,0.0,0,1.0,1.0
0.0,0.0,0.0,0,1.0,0.0
1.0,1.0,1.0,1,1.0,1.0
0.0,0.0,1.0,0,1.0,0.0
1.0,0.0,0.0,1,0.0,1.0
1.0,1.0,1.0,1,0.0,0.0
1.0,1.0,1.0,1,0.0,1.0
0.0,0.0,0.0,0,0.0,0.0
1.0,1.0,1.0,1,1.0,1.0
1.0,0.0,0.0,0,0.0,1.0
0.0,1.0,1.0,1,1.0,1.0
0.0,0.0,0.0,0,0.0,0.0
1.0,1.0,0.0,1,1.0,1.0
1.0,1.0,1.0,1,1.0,0.0
0.0,0.0,0.0,0,0.0,0.0
0.0,0.0,0.0,0,1.0,0.0
0.0,0.0,1.0,0,1.0,1.0
0.0,1.0,0.0,1,0.0,1.0
0.0,0.0,0.0,0,1.0,0.0
1.0,1.0,1.0,1,0.0,1.0
0.0,1.0,1.0,0,1.0,0.0
0.0,0.0,0.0,0,0.0,0.0
0.0,0.0,0.0,0,1.0,0.0
0.0,0.0,0.0,0,1.0,0.0
1.0,0.0,0.0,0,0.0,0.0
0.0,1.0,1.0,1,0.0,0.0
1.0,1.0,1.0,1,0.0,1.0
0.0,0.0,0.0,0,0.0,0.0
0.0,0.0,0.0,1,0.0,0.0
0.0,0.0,0.0,0,0.0,0.0
1.0,1.0,1.0,1,1.0,1.0
0.0,0.0,1.0,0,1.0,1.0
1.0,1.0,1.0,1,1.0,1.0
0.0,0.0,0.0,0,1.0,0.0
0.0,0.0,0.0,0,0.0,1.0
0.0,0.0,0.0,0,0.0,0.0
1.0,0.0,0.0,1,0.0,1.0
1.0,0.0,1.0,1,0.0,0.0
0.0,1.0,1.0,1,1.0,1.0
0.0,0.0,0.0,0,0.0,0.0
1.0,1.0,1.0,1,0.0,1.0
0.0,0.0,0.0,0,1.0,0.0
1.0,0.0,1.0,0,1.0,0.0
0.0,0.0,0.0,0,0.0,0.0
1.0,1.0,0.0,1,0.0,1.0
0.0,1.0,1.0,1,0.0,1.0
1.0,1.0,1.0,1,1.0,1.0
1.0,1.0,1.0,1,0.0,0.0
1.0,0.0,0.0,0,0.0,0.0
0.0,0.0,0.0,0,0.0,0.0
1.0,1.0,1.0,1,0.0,1.0
0.0,0.0,1.0,1,0.0,0.0
1.0,1.0,1.0,1,0.0,1.0
0.0,0.0,0.0,1,0.0,0.0
0.0,0.0,0.0,0,1.0,0.0
1.0,1.0,1.0,1,0.0,1.0
0.0,0.0,0.0,0,0.0,0.0
0.0,0.0,0.0,0,1.0,0.0
0.0,0.0,0.0,0,0.0,1.0
1.0,1.0,1.0,1,1.0,1.0
0.0,0.0,0.0,0,0.0,0.0
0.0,0.0,0.0,0,0.0,0.0
0.0,0.0,0.0,0,0.0,1.0
0.0,0.0,1.0,0,1.0,1.0
0.0,0.0,0.0,0,0.0,0.0
0.0,1.0,0.0,1,1.0,0.0
1.0,1.0,1.0,1,0.0,1.0
0.0,0.0,0.0,0,0.0,0.0
1.0,1.0,1.0,1,1.0,1.0
0.0,0.0,0.0,0,0.0,0.0
0.0,0.0,1.0,1,1.0,1.0
0.0,1.0,1.0,1,0.0,1.0
0.0,0.0,0.0,0,0.0,0.0
1.0,1.0,1.0,1,0.0,0.0
1.0,1.0,1.0,1,0.0,1.0
0.0,0.0,0.0,0,0.0,0.0
0.0,0.0,0.0,0,0.0,0.0
0.0,1.0,1.0,1,1.0,1.0
0.0,1.0,1.0,0,1.0,1.0
0.0,0.0,0.0,0,0.0,0.0
0.0,1.0,1.0,1,1.0,1.0
1.0,0.0,0.0,0,0.0,1.0
1.0,1.0,1.0,1,1.0,1.0
0.0,0.0,0.0,0,0.0,0.0
0.0,0.0,0.0,0,0.0,1.0
1.0,1.0,1.0,1,1.0,1.0
0.0,0.0,1.0,1,1.0,1.0
1.0,0.0,0.0,0,0.0,0.0
0.0,0.0,0.0,0,0.0,1.0
1.0,1.0,1.0,1,1.0,1.0
1.0,0.0,0.0,0,0.0,0.0
0.0,0.0,0.0,0,0.0,0.0
1.0,1.0,1.0,1,0.0,0.0
0.0,1.0,1.0,1,0.0,1.0
1.0,1.0,0.0,1,0.0,1.0
1.0,1.0,1.0,0,0.0,0.0
0.0,1.0,0.0,1,0.0,1.0
1.0,1.0,1.0,1,1.0,1.0
0.0,0.0,0.0,0,1.0,0.0
1.0,0.0,0.0,0,0.0,0.0
0.0,1.0,1.0,0,0.0,0.0
1.0,1.0,1.0,1,1.0,1.0
1.0,1.0,1.0,1,1.0,0.0
1.0,1.0,1.0,1,0.0,1.0
0.0,1.0,0.0,0,1.0,0.0
0.0,0.0,0.0,0,0.0,0.0
1.0,1.0,1.0,1,0.0,1.0
1.0,1.0,1.0,1,1.0,1.0
0.0,1.0,1.0,1,0.0,1.0
0.0,0.0,0.0,0,0.0,0.0
1.0,0.0,0.0,0,1.0,0.0
0.0,0.0,0.0,0,0.0,0.0
1.0,1.0,0.0,1,0.0,1.0
0.0,0.0,1.0,0,0.0,0.0
0.0,0.0,0.0,0,0.0,0.0
1.0,1.0,1.0,1,0.0,1.0
1.0,0.0,0.0,0,1.0,0.0
0.0,1.0,1.0,1,0.0,1.0
0.0,0.0,0.0,0,0.0,1.0
0.0,0.0,0.0,0,1.0,0.0
1.0,1.0,0.0,1,0.0,1.0
1.0,0.0,0.0,0,1.0,0.0
0.0,0.0,0.0,0,0.0,0.0
1.0,1.0,1.0,1,0.0,1.0
1.0,0.0,1.0,0,0.0,0.0
1.0,1.0,1.0,1,1.0,1.0
1.0,0.0,1.0,1,1.0,1.0
1.0,0.0,0.0,0,0.0,0.0
1.0,1.0,0.0,1,1.0,1.0
1.0,0.0,0.0,0,0.0,0.0
0.0,0.0,0.0,0,0.0,0.0
1.0,1.0,1.0,1,0.0,0.0
0.0,1.0,1.0,1,0.0,0.0
0.0,1.0,1.0,1,0.0,0.0
1.0,1.0,1.0,0,0.0,1.0
0.0,0.0,0.0,0,1.0,0.0
0.0,0.0,0.0,0,1.0,1.0
1.0,0.0,0.0,0,0.0,1.0
1.0,0.0,1.0,0,0.0,1.0
0.0,0.0,0.0,0,0.0,0.0
0.0,0.0,1.0,0,0.0,0.0
0.0,1.0,0.0,1,0.0,1.0
1.0,0.0,0.0,0,0.0,0.0
0.0,0.0,0.0,0,1.0,0.0
1.0,0.0,0.0,1,0.0,0.0
0.0,0.0,0.0,0,0.0,0.0
1.0,1.0,1.0,1,0.0,1.0
0.0,0.0,0.0,1,0.0,1.0
0.0,1.0,0.0,1,1.0,1.0
0.0,0.0,0.0,0,0.0,1.0
0.0,1.0,1.0,1,1.0,0.0
0.0,0.0,0.0,0,1.0,0.0
0.0,0.0,0.0,0,0.0,0.0
0.0,0.0,0.0,0,0.0,0.0
0.0,0.0,0.0,0,1.0,0.0
0.0,0.0,0.0,0,1.0,0.0
0.0,0.0,0.0,0,0.0,0.0
1.0,1.0,1.0,1,1.0,1.0
0.0,0.0,0.0,0,0.0,1.0
0.0,1.0,1.0,1,0.0,1.0
1.0,0.0,1.0,1,0.0,1.0
1.0,1.0,1.0,1,0.0,1.0
0.0,1.0,1.0,1,0.0,1.0
1.0,0.0,0.0,0,1.0,0.0
0.0,0.0,0.0,0,0.0,0.0
1.0,1.0,1.0,1,1.0,1.0
1.0,1.0,1.0,1,0.0,1.0
0.0,0.0,0.0,0,0.0,0.0
1.0,1.0,1.0,1,0.0,1.0
1.0,1.0,1.0,1,0.0,0.0
1.0,1.0,1.0,1,1.0,1.0
1.0,1.0,1.0,1,1.0,0.0
1.0,1.0,0.0,0,0.0,0.0
0.0,0.0,0.0,0,1.0,1.0
1.0,0.0,0.0,0,0.0,1.0
0.0,1.0,0.0,0,1.0,1.0
1.0,1.0,1.0,1,1.0,1.0
1.0,1.0,1.0,1,0.0,1.0
0.0,0.0,0.0,0,0.0,0.0
0.0,0.0,0.0,0,1.0,0.0
0.0,0.0,0.0,0,1.0,0.0
1.0,1.0,1.0,1,1.0,0.0
0.0,0.0,0.0,1,1.0,1.0
0.0,1.0,0.0,1,0.0,1.0
1.0,1.0,1.0,1,0.0,1.0
1.0,1.0,1.0,1,0.0,1.0
1.0,1.0,1.0,1,0.0,1.0
1.0,0.0,0.0,1,0.0,0.0
0.0,0.0,0.0,0,0.0,0.0
0.0,0.0,0.0,0,0.0,0.0
1.0,0.0,0.0,0,0.0,0.0
1.0,0.0,0.0,0,1.0,0.0
1.0,1.0,1.0,1,1.0,1.0
1.0,1.0,1.0,0,0.0,0.0
0.0,1.0,1.0,1,0.0,1.0
1.0,1.0,1.0,1,0.0,1.0
0.0,0.0,0.0,0,0.0,0.0
1.0,1.0,1.0,1,1.0,1.0
1.0,1.0,1.0,1,1.0,1.0
0.0,1.0,0.0,1,0.0,0.0
1.0,0.0,0.0,0,0.0,1.0
1.0,0.0,0.0,1,0.0,1.0
0.0,0.0,0.0,1,0.0,0.0
0.0,0.0,0.0,0,0.0,0.0
1.0,1.0,1.0,1,1.0,1.0
0.0,0.0,0.0,0,0.0,0.0
0.0,1.0,1.0,0,0.0,0.0
0.0,0.0,0.0,1,0.0,0.0
0.0,0.0,1.0,0,0.0,0.0
0.0,0.0,0.0,0,1.0,0.0
0.0,0.0,0.0,0,0.0,0.0
1.0,1.0,0.0,1,0.0,1.0
0.0,0.0,0.0,0,0.0,0.0
1.0,1.0,1.0,1,0.0,1.0
1.0,1.0,1.0,0,1.0,1.0
1.0,1.0,1.0,1,1.0,0.0
1.0,1.0,1.0,1,1.0,1.0
0.0,0.0,1.0,0,0.0,0.0
1.0,1.0,1.0,1,1.0,1.0
0.0,1.0,1.0,1,1.0,1.0
1.0,1.0,1.0,1,1.0,1.0
0.0,0.0,0.0,0,0.0,0.0
1.0,1.0,1.0,1,1.0,1.0
1.0,1.0,1.0,1,1.0,1.0
1.0,1.0,1.0,1,0.0,1.0
1.0,0.0,1.0,0,0.0,1.0
1.0,1.0,1.0,1,0.0,1.0
0.0,0.0,1.0,0,0.0,0.0
0.0,0.0,0.0,0,0.0,0.0
1.0,1.0,0.0,1,0.0,1.0
1.0,0.0,0.0,0,1.0,0.0
0.0,0.0,1.0,0,0.0,0.0
1.0,1.0,0.0,1,0.0,1.0
0.0,0.0,0.0,0,1.0,1.0
0.0,1.0,1.0,0,1.0,0.0
1.0,0.0,0.0,0,0.0,1.0
0.0,1.0,1.0,1,0.0,0.0
1.0,1.0,1.0,1,1.0,1.0
0.0,0.0,0.0,0,0.0,0.0
1.0,0.0,0.0,0,0.0,0.0
1.0,1.0,1.0,1,0.0,1.0
0.0,0.0,0.0,0,0.0,0.0
0.0,0.0,0.0,0,0.0,0.0
1.0,1.0,1.0,1,0.0,1.0
0.0,0.0,0.0,0,0.0,0.0
0.0,0.0,0.0,0,1.0,0.0
0.0,1.0,1.0,1,0.0,0.0
0.0,0.0,0.0,0,0.0,0.0
0.0,1.0,0.0,1,0.0,0.0
1.0,1.0,1.0,1,0.0,1.0
1.0,1.0,1.0,1,1.0,1.0
0.0,1.0,1.0,1,1.0,0.0
1.0,0.0,0.0,1,0.0,1.0
1.0,1.0,1.0,1,1.0,0.0
1.0,0.0,0.0,0,0.0,0.0
0.0,0.0,0.0,0,1.0,0.0
0.0,0.0,1.0,0,1.0,1.0
1.0,1.0,1.0,1,1.0,1.0
1.0,0.0,0.0,0,1.0,0.0
1.0,1.0,1.0,1,0.0,1.0
1.0,0.0,0.0,0,0.0,0.0
1.0,1.0,0.0,1,0.0,1.0
0.0,1.0,1.0,1,1.0,0.0
0.0,1.0,0.0,1,1.0,1.0
0.0,1.0,0.0,1,1.0,1.0
1.0,1.0,1.0,1,0.0,0.0
1.0,0.0,0.0,0,0.0,0.0
1.0,0.0,0.0,0,0.0,0.0
0.0,0.0,0.0,0,0.0,0.0
1.0,0.0,0.0,0,0.0,0.0
0.0,1.0,1.0,1,0.0,1.0
0.0,1.0,1.0,1,1.0,0.0
1.0,1.0,1.0,1,0.0,1.0
1.0,1.0,1.0,1,1.0,1.0
1.0,1.0,1.0,1,1.0,1.0
1.0,0.0,0.0,0,0.0,0.0
0.0,0.0,0.0,0,0.0,0.0
0.0,1.0,1.0,0,1.0,1.0
1.0,1.0,0.0,1,0.0,1.0
1.0,1.0,1.0,1,1.0,0.0
0.0,0.0,0.0,0,0.0,0.0
0.0,1.0,1.0,1,0.0,0.0
0.0,0.0,1.0,0,0.0,1.0
0.0,0.0,0.0,0,1.0,1.0
0.0,0.0,1.0,0,1.0,1.0
1.0,1.0,1.0,1,1.0,1.0
0.0,0.0,0.0,0,1.0,0.0
0.0,0.0,1.0,0,0.0,0.0
0.0,0.0,0.0,0,1.0,1.0
0.0,0.0,0.0,0,1.0,1.0
0.0,1.0,1.0,1,0.0,0.0
0.0,0.0,0.0,0,0.0,1.0
0.0,0.0,0.0,0,0.0,0.0
0.0,0.0,1.0,0,0.0,0.0
0.0,0.0,1.0,0,1.0,0.0
0.0,1.0,1.0,1,0.0,0.0
0.0,0.0,0.0,0,0.0,0.0
0.0,0.0,0.0,1,0.0,1.0
0.0,0.0,0.0,0,0.0,1.0
1.0,1.0,1.0,1,1.0,1.0
1.0,1.0,1.0,1,0.0,1.0
0.0,0.0,0.0,0,1.0,1.0
0.0,0.0,0.0,0,0.0,0.0
0.0,0.0,1.0,0,0.0,0.0
0.0,0.0,0.0,0,0.0,0.0
1.0,0.0,0.0,0,1.0,0.0
0.0,0.0,0.0,1,1.0,0.0
1.0,0.0,0.0,0,0.0,0.0
1.0,0.0,0.0,0,0.0,0.0
1.0,1.0,1.0,1,0.0,0.0
1.0,1.0,1.0,1,0.0,1.0
0.0,1.0,0.0,1,1.0,0.0
0.0,1.0,1.0,1,0.0,1.0
1.0,0.0,0.0,0,0.0,0.0
1.0,1.0,1.0,1,1.0,0.0
1.0,1.0,0.0,1,0.0,1.0
0.0,1.0,1.0,1,0.0,0.0
1.0,1.0,1.0,1,0.0,1.0
0.0,0.0,0.0,0,0.0,0.0
0.0,0.0,0.0,0,0.0,0.0
1.0,1.0,1.0,0,0.0,0.0
1.0,0.0,0.0,0,1.0,0.0
1.0,1.0,1.0,1,1.0,1.0
1.0,1.0,1.0,1,1.0,1.0
1.0,1.0,1.0,1,1.0,0.0
0.0,0.0,0.0,0,0.0,1.0
0.0,0.0,0.0,0,0.0,0.0
1.0,1.0,0.0,1,0.0,1.0
0.0,1.0,1.0,1,0.0,1.0
0.0,0.0,0.0,0,1.0,0.0
0.0,1.0,1.0,1,1.0,0.0
1.0,0.0,0.0,0,0.0,0.0
1.0,1.0,1.0,1,1.0,1.0
1.0,1.0,0.0,1,0.0,1.0
1.0,0.0,0.0,0,0.0,0.0
0.0,0.0,0.0,0,0.0,1.0
1.0,1.0,0.0,1,0.0,1.0
0.0,0.0,0.0,0,0.0,0.0
1.0,1.0,1.0,1,1.0,0.0
0.0,0.0,0.0,0,0.0,0.0
1.0,1.0,0.0,0,1.0,1.0
0.0,0.0,0.0,0,0.0,0.0
1.0,0.0,0.0,0,1.0,0.0
1.0,1.0,0.0,1,0.0,0.0
1.0,1.0,1.0,1,0.0,1.0
0.0,0.0,1.0,0,1.0,0.0
1.0,0.0,1.0,1,0.0,0.0
0.0,1.0,1.0,1,0.0,0.0
1.0,0.0,0.0,0,1.0,0.0
0.0,0.0,0.0,1,0.0,1.0
1.0,1.0,1.0,1,0.0,1.0
0.0,1.0,1.0,1,0.0,0.0
1.0,1.0,1.0,1,0.0,1.0
0.0,0.0,0.0,0,1.0,0.0
0.0,0.0,0.0,0,0.0,0.0
1.0,0.0,0.0,0,0.0,0.0
1.0,0.0,0.0,0,1.0,0.0
1.0,1.0,0.0,1,1.0,1.0
1.0,1.0,0.0,1,1.0,1.0
1.0,1.0,1.0,1,0.0,0.0
0.0,1.0,1.0,1,1.0,0.0
1.0,0.0,0.0,0,1.0,0.0
1.0,1.0,1.0,1,1.0,1.0
1.0,1.0,1.0,1,0.0,1.0
0.0,0.0,0.0,0,1.0,0.0
0.0,0.0,0.0,0,0.0,1.0
1.0,1.0,0.0,1,0.0,1.0
1.0,1.0,1.0,1,0.0,1.0
0.0,1.0,1.0,1,0.0,1.0
1.0,0.0,1.0,0,1.0,0.0
1.0,0.0,0.0,0,0.0,0.0
0.0,1.0,1.0,1,1.0,0.0
1.0,1.0,1.0,1,0.0,1.0
0.0,0.0,1.0,0,0.0,0.0
1.0,1.0,1.0,1,0.0,1.0
1.0,1.0,1.0,1,1.0,1.0
1.0,0.0,1.0,1,0.0,0.0
1.0,1.0,0.0,0,0.0,0.0
1.0,0.0,0.0,0,0.0,0.0
1.0,1.0,1.0,1,0.0,1.0
1.0,0.0,0.0,1,0.0,1.0
1.0,0.0,0.0,0,1.0,0.0
1.0,1.0,1.0,1,0.0,0.0
0.0,0.0,0.0,0,0.0,0.0
1.0,1.0,1.0,1,1.0,1.0
0.0,1.0,1.0,1,0.0,1.0
1.0,1.0,1.0,0,0.0,0.0
0.0,0.0,0.0,0,0.0,0.0
0.0,0.0,0.0,0,0.0,0.0
0.0,0.0,0.0,0,0.0,0.0
0.0,0.0,0.0,0,1.0,0.0
1.0,1.0,1.0,1,0.0,1.0
1.0,1.0,0.0,1,1.0,1.0
0.0,0.0,0.0,0,0.0,0.0
1.0,0.0,0.0,0,1.0,1.0
0.0,0.0,0.0,0,1.0,0.0
0.0,0.0,0.0,0,0.0,0.0
0.0,0.0,0.0,0,0.0,0.0
0.0,1.0,1.0,0,0.0,0.0
1.0,0.0,1.0,0,1.0,0.0
1.0,0.0,0.0,0,0.0,0.0
1.0,1.0,1.0,1,0.0,1.0
1.0,0.0,0.0,0,0.0,0.0
1.0,0.0,0.0,0,0.0,0.0
1.0,1.0,0.0,1,0.0,1.0
0.0,0.0,0.0,0,0.0,0.0
1.0,1.0,1.0,1,1.0,1.0
0.0,0.0,0.0,0,0.0,0.0
0.0,0.0,0.0,0,1.0,0.0
0.0,1.0,1.0,1,0.0,1.0
0.0,1.0,1.0,1,1.0,1.0
1.0,1.0,1.0,1,1.0,1.0
1.0,0.0,0.0,0,1.0,0.0
0.0,0.0,0.0,0,0.0,1.0
1.0,1.0,0.0,1,0.0,1.0
1.0,1.0,1.0,1,1.0,1.0
1.0,1.0,1.0,0,1.0,0.0
0.0,0.0,0.0,0,0.0,0.0
1.0,1.0,1.0,1,0.0,1.0
0.0,0.0,0.0,0,0.0,0.0
0.0,1.0,1.0,0,1.0,0.0
1.0,0.0,0.0,0,0.0,1.0
0.0,1.0,1.0,1,1.0,1.0
0.0,0.0,0.0,0,1.0,0.0
0.0,1.0,0.0,1,0.0,1.0
0.0,0.0,1.0,0,0.0,0.0
1.0,1.0,1.0,1,1.0,1.0
0.0,1.0,1.0,1,0.0,1.0
0.0,0.0,0.0,0,1.0,0.0
1.0,1.0,1.0,1,0.0,0.0
0.0,0.0,0.0,0,0.0,0.0
1.0,1.0,1.0,1,1.0,1.0
0.0,1.0,1.0,0,0.0,0.0
1.0,1.0,1.0,1,1.0,1.0
0.0,0.0,0.0,0,0.0,0.0
0.0,0.0,0.0,1,0.0,1.0
0.0,0.0,0.0,0,0.0,0.0
0.0,1.0,1.0,1,1.0,0.0
1.0,1.0,1.0,1,1.0,0.0
0.0,0.0,0.0,0,0.0,0.0
1.0,1.0,1.0,0,0.0,0.0
1.0,1.0,1.0,1,1.0,1.0
1.0,1.0,1.0,1,0.0,1.0
0.0,0.0,1.0,0,0.0,0.0
0.0,0.0,1.0,0,0.0,0.0
0.0,0.0,0.0,0,0.0,0.0
0.0,0.0,0.0,0,0.0,1.0
0.0,0.0,0.0,0,0.0,0.0
0.0,0.0,1.0,0,1.0,0.0
0.0,1.0,0.0,0,0.0,0.0
0.0,0.0,0.0,0,0.0,0.0
1.0,1.0,1.0,0,0.0,1.0
0.0,0.0,1.0,0,1.0,0.0
0.0,0.0,0.0,0,0.0,1.0
0.0,1.0,1.0,1,1.0,0.0
1.0,1.0,1.0,1,0.0,0.0
1.0,1.0,1.0,1,0.0,1.0
0.0,0.0,0.0,0,0.0,0.0
1.0,0.0,0.0,0,1.0,1.0
1.0,1.0,1.0,1,1.0,1.0
1.0,0.0,1.0,0,0.0,1.0
0.0,0.0,1.0,0,0.0,1.0
1.0,1.0,1.0,0,1.0,0.0
1.0,1.0,0.0,1,0.0,1.0
1.0,1.0,1.0,1,0.0,1.0
0.0,0.0,0.0,0,0.0,0.0
1.0,1.0,1.0,1,0.0,1.0
0.0,1.0,1.0,1,1.0,0.0
0.0,0.0,0.0,0,0.0,0.0
0.0,0.0,0.0,0,0.0,0.0
0.0,1.0,1.0,1,0.0,1.0
1.0,1.0,1.0,1,1.0,1.0
0.0,0.0,0.0,0,0.0,0.0
0.0,1.0,0.0,1,0.0,1.0
0.0,0.0,0.0,0,0.0,0.0
0.0,0.0,0.0,0,1.0,0.0
0.0,0.0,0.0,1,0.0,0.0
1.0,1.0,1.0,1,0.0,1.0
1.0,0.0,1.0,0,1.0,1.0
1.0,1.0,1.0,1,0.0,1.0
0.0,0.0,0.0,0,1.0,0.0
1.0,1.0,1.0,1,0.0,1.0
1.0,1.0,0.0,1,0.0,1.0
0.0,0.0,0.0,0,1.0,0.0
1.0,0.0,0.0,0,1.0,0.0
0.0,0.0,0.0,0,0.0,0.0
1.0,1.0,1.0,1,0.0,0.0
0.0,0.0,0.0,0,0.0,0.0
1.0,0.0,0.0,0,1.0,0.0
0.0,0.0,0.0,0,0.0,0.0
1.0,0.0,0.0,0,1.0,1.0
1.0,1.0,1.0,0,0.0,1.0
1.0,1.0,1.0,1,0.0,1.0
0.0,0.0,0.0,0,0.0,1.0
0.0,1.0,1.0,1,0.0,0.0
1.0,1.0,1.0,1,1.0,1.0
0.0,1.0,1.0,0,1.0,0.0
1.0,0.0,0.0,0,0.0,0.0
1.0,1.0,1.0,1,0.0,0.0
0.0,0.0,1.0,0,1.0,0.0
0.0,0.0,1.0,0,0.0,0.0
0.0,0.0,0.0,0,1.0,1.0
0.0,1.0,1.0,0,0.0,0.0
0.0,0.0,0.0,0,0.0,0.0
0.0,1.0,1.0,1,1.0,1.0
1.0,1.0,1.0,1,0.0,1.0
0.0,0.0,0.0,0,0.0,0.0
0.0,0.0,0.0,0,0.0,0.0
0.0,1.0,1.0,1,1.0,1.0
0.0,0.0,0.0,0,0.0,1.0
0.0,1.0,1.0,1,1.0,1.0
1.0,1.0,1.0,1,1.0,1.0
1.0,0.0,0.0,0,0.0,0.0
0.0,1.0,1.0,1,1.0,1.0
1.0,1.0,1.0,1,1.0,1.0
1.0,1.0,0.0,1,0.0,1.0
1.0,1.0,1.0,1,1.0,1.0
1.0,1.0,1.0,0,1.0,0.0
0.0,1.0,1.0,1,0.0,0.0
0.0,0.0,0.0,1,0.0,0.0
1.0,1.0,0.0,1,0.0,0.0
0.0,0.0,0.0,0,0.0,0.0
1.0,0.0,0.0,0,0.0,1.0
0.0,0.0,0.0,0,0.0,0.0
0.0,0.0,0.0,0,0.0,0.0
0.0,0.0,0.0,0,0.0,1.0
1.0,1.0,1.0,1,0.0,1.0
1.0,1.0,1.0,1,0.0,1.0
0.0,0.0,0.0,0,1.0,0.0
1.0,1.0,0.0,1,0.0,1.0
0.0,0.0,0.0,0,0.0,0.0
1.0,1.0,1.0,1,1.0,0.0
1.0,0.0,0.0,1,0.0,0.0
0.0,0.0,1.0,0,1.0,0.0
1.0,1.0,0.0,1,1.0,0.0
0.0,0.0,0.0,0,1.0,0.0
0.0,0.0,0.0,1,0.0,0.0
1.0,1.0,1.0,1,0.0,1.0
